data_publicacao,ativo,categoria,fonte_coleta,termo_busca,titulo,resumo,url,dominio,idioma,hash_titulo
2024-01-31 23:45:00,PETR4,CAT1_Empresa,GDELT,Petrobras,PPSA inicia processo para venda de 3ª carga de 500 mil barris de petróleo do campo de Sépia,PPSA inicia processo para venda de 3ª carga de 500 mil barris de petróleo do campo de Sépia,"https://www.terra.com.br/economia/ppsa-inicia-processo-para-venda-de-3-carga-de-500-mil-barris-de-petroleo-do-campo-de-sepia,e531a1cd1040e0a8a73631f40f12c2e9nxbpd8uo.html",terra.com.br,Portuguese,c04773c2981061155a431d4112eb617869cf8326fc683d8d818bd6559ba0844a
2024-01-31 23:45:00,PETR4,CAT1_Empresa,GDELT,Petrobras,"Petrobras recebe R$1 , 8 bi à vista referente a compensao por Sépia e Atapu","Petrobras recebe R$1 , 8 bi à vista referente a compensao por Sépia e Atapu","https://www.terra.com.br/economia/petrobras-recebe-r18-bi-a-vista-referente-a-compensacao-por-sepia-e-atapu,188a3da78cbb8d00d3ad885b083e9a8f0sqgkbgj.html",terra.com.br,Portuguese,935976e198577cc3d5dba5e11f7e61468eca0b5440748a53ab2d3b47703f6667
2024-01-31 23:45:00,PETR4,CAT1_Empresa,GDELT,Petrobras,Ibovespa tem alta com disparada de Arezzo e Grupo Soma,Ibovespa tem alta com disparada de Arezzo e Grupo Soma,https://diariodocomercio.com.br/economia/ibovespa-alta-arezzo-grupo-soma/,diariodocomercio.com.br,Portuguese,350559ad9972afce0b9a064081de894ea54b71d3fecd9de5005417c76ebc69db
2024-01-31 23:45:00,PETR4,CAT1_Empresa,GDELT,Petrobras,"Ibovespa fecha em alta de 0 , 28 %, aos 127 mil pontos , após Fed ; Grupo Soma ( SOMA3 ) e Arezzo ( ARZZ3 ) disparam com possível fusão","Ibovespa fecha em alta de 0 , 28 %, aos 127 mil pontos , após Fed ; Grupo Soma ( SOMA3 ) e Arezzo ( ARZZ3 ) disparam com possível fusão","https://www.terra.com.br/economia/ibovespa-fecha-em-alta-de-028-aos-127-mil-pontos-apos-fed-grupo-soma-soma3-e-arezzo-arzz3-disparam-com-possivel-fusao,920df8e93356dffa705d50fcc94f4567y3x3p4pm.html",terra.com.br,Portuguese,dab5c5c58d5fcc8898c5087ff9556ac0ad95154498e828dc1ec89b4329e6889c
2024-01-31 23:45:00,PETR4,CAT1_Empresa,GDELT,Petrobras,"Ibovespa fecha em alta , mas Fed reduz fôlego em sessão com disparada de Arezzo e Grupo Soma","Ibovespa fecha em alta , mas Fed reduz fôlego em sessão com disparada de Arezzo e Grupo Soma","https://www.terra.com.br/economia/ibovespa-fecha-em-alta-mas-fed-reduz-folego-em-sessao-com-disparada-de-arezzo-e-grupo-soma,68ed2e564218a3fce4ca48a94294789e7b617y1m.html",terra.com.br,Portuguese,b74b28407965cc1fb7dd615d62c553d1e340c3d9c3ef3553f98d9592fdbe4553
2024-01-31 22:15:00,PETR4,CAT1_Empresa,GDELT,Petrobras,"Ibovespa sobe 0 , 28 %, a 127 , 7 mil , mas tem pior perda para janeiro desde 2016 - 31 / 01 / 2024","Ibovespa sobe 0 , 28 %, a 127 , 7 mil , mas tem pior perda para janeiro desde 2016 - 31 / 01 / 2024",https://www.dgabc.com.br/Noticia/4098823/ibovespa-sobe-0-28-a-127-7-mil-mas-tem-pior-perda-para-janeiro-desde-2016,dgabc.com.br,Portuguese,ef0f201bb004277bace74bb26cd069085b405e2d9678a19404ecf550b2a4eb73
2024-01-31 22:15:00,PETR4,CAT1_Empresa,GDELT,Petrobras,"Ibovespa sobe 0 , 28 %, a 127 , 7 mil , mas tem pior perda para janeiro desde 2016","Ibovespa sobe 0 , 28 %, a 127 , 7 mil , mas tem pior perda para janeiro desde 2016",https://www.bemparana.com.br/noticias/economia/ibovespa-sobe-028-a-1277-mil-mas-tem-pior-perda-para-janeiro-desde-2016/,bemparana.com.br,Portuguese,38a963f9574ad695524e9ceb0cf63aae24f40d51eafe43fdb1e9066aac7f103a
2024-01-31 22:00:00,PETR4,CAT1_Empresa,GDELT,Petrobras,Petrobras encerra nesta quarta inscries para concurso público com 6 . 412 vagas,Petrobras encerra nesta quarta inscries para concurso público com 6 . 412 vagas,https://www.bonde.com.br/bondenews/petrobras-encerra-nesta-quarta-inscricoes-para-concurso-publico-com-6412-vagas,bonde.com.br,Portuguese,188e0f42f64b4edede01835d552c5a15257383a592454a10c7c29349ef0d1220
2024-01-31 21:15:00,PETR4,CAT1_Empresa,GDELT,Petrobras,"Lula diz que crime organizado está no Judiciário , | Rany Veloso","Lula diz que crime organizado está no Judiciário , | Rany Veloso",https://www.meionorte.com/colunas/diretodebrasilia/lula-diz-que-crime-organizado-esta-na-imprensa-politica-judiciario-365987,meionorte.com,Portuguese,58e86f165451d24962b254f33b5a44e090318e7bf300ba2eb0204712927290cb
2024-01-31 21:15:00,PETR4,CAT1_Empresa,GDELT,Petrobras,Barbatuques estreia tour no Recife neste final de semana,Barbatuques estreia tour no Recife neste final de semana,https://www.pernambuco.com/noticia/divirtase/2024/01/barbatuques-estreia-tour-por-recife-neste-final-de-semana.html,pernambuco.com,Portuguese,e50e17b8fcc87f8b55177904124142062ae539b3e71321a9b3e5e4d1cf4862e2
2024-01-31 20:30:00,PETR4,CAT1_Empresa,GDELT,Petrobras,Sergipe será homenageado no Carnaval de São Paulo – NE Notícias,Sergipe será homenageado no Carnaval de São Paulo – NE Notícias,https://www.nenoticias.com.br/sergipe-sera-homenageado-no-carnaval-de-sao-paulo/,nenoticias.com.br,Portuguese,a5439ccf9a741f8ce1166ea15a818bd93ea9764ba194d741cc087b8f2c0426de
2024-01-31 20:30:00,PETR4,CAT1_Empresa,GDELT,Petrobras,"ICMS da gasolina , diesel e gás de cozinha vai subir no Paraná a partir desta quinta ( 1º ); veja valores","ICMS da gasolina , diesel e gás de cozinha vai subir no Paraná a partir desta quinta ( 1º ); veja valores",https://g1.globo.com/pr/parana/economia/noticia/2024/01/31/icms-da-gasolina-diesel-e-gas-de-cozinha-vai-subir-no-parana-a-partir-desta-quinta-1o-veja-valores.ghtml,g1.globo.com,Portuguese,8ffbdeb12f3ab2e7724def05f372b3f202f53de7104c7f0e2dc1e777e184762f
2024-01-31 20:15:00,PETR4,CAT1_Empresa,GDELT,Petrobras,"Crime organizado virou indústria multinacional e está presente no futebol e na política , diz Lula","Crime organizado virou indústria multinacional e está presente no futebol e na política , diz Lula",https://noticias.r7.com/brasilia/crime-organizado-virou-industria-multinacional-e-esta-presente-no-futebol-e-na-politica-diz-lula-31012024,noticias.r7.com,Portuguese,f01302bc522a80f6ca890cffeb6f3be8bfd87cc86f512c5b3d594c3b67a12f73
2024-01-31 20:00:00,PETR4,CAT1_Empresa,GDELT,Petrobras,PETROBRÁS REALIZA EVENTO EM NOVA IORQUE PARA SE APROXIMAR DE INVESTIDORES INTERNACIONAIS E MOSTRAR SEUS PLANOS PARA O FUTURO,PETROBRÁS REALIZA EVENTO EM NOVA IORQUE PARA SE APROXIMAR DE INVESTIDORES INTERNACIONAIS E MOSTRAR SEUS PLANOS PARA O FUTURO,https://petronoticias.com.br/petrobras-destaca-foco-em-transicao-energetica-e-em-ativos-rentaveis-durante-imersao-com-investidores-em-nova-iorque/,petronoticias.com.br,Portuguese,11d515c1413a3b6ced8c1b68a94d80b34d46d0eab747cdb36d508da99880d3db
2024-01-31 19:45:00,PETR4,CAT1_Empresa,GDELT,Petrobras,Lula critica política dos EUA contra narcotráfico,Lula critica política dos EUA contra narcotráfico,"https://www.terra.com.br/noticias/mundo/lula-critica-politica-dos-eua-contra-narcotrafico,878c51997722895dec1c691e490f2c9dlqsk9aau.html",terra.com.br,Portuguese,560ff0acb34f1b80235e35cd9e572cd75884fb2cdf9c8eb6b9683de864275a6e
2024-01-31 19:15:00,PETR4,CAT1_Empresa,GDELT,Petrobras,Sergipe será homenageado no Carnaval 2024 de SP,Sergipe será homenageado no Carnaval 2024 de SP,https://www.faxaju.com.br/noticias/sergipe-sera-homenageado-no-carnaval-2024-de-sao-paulo/,faxaju.com.br,Portuguese,4ec71d2959e3c1a41f68c4a730c5f9565b302d1c59213ad212d40d1d480f66c1
2024-01-31 18:45:00,PETR4,CAT1_Empresa,GDELT,Petrobras,Lula promete  jogar pesado  contra crime organizado,Lula promete  jogar pesado  contra crime organizado,https://www.correiobraziliense.com.br/politica/2024/01/6795636-lula-promete-jogar-pesado-contra-crime-organizado.html,correiobraziliense.com.br,Portuguese,71f1ff5e702e0c3954f53cf01cc4fbc3360cd2d2873006f4d3d736484c75aa60
2024-01-31 17:30:00,PETR4,CAT1_Empresa,GDELT,Petrobras,"Petrobras não dará nenhum salto no escuro em energia renovável , diz Prates","Petrobras não dará nenhum salto no escuro em energia renovável , diz Prates",https://tribunadonorte.com.br/economia/petrobras-nao-dara-nenhum-salto-no-escuro-em-energia-renovavel-diz-prates/,tribunadonorte.com.br,Portuguese,f6360459a9c9911eea0d6f8cfd97248d4e18bc41b01c09714bf6ba5638576cde
2024-01-31 17:30:00,PETR4,CAT1_Empresa,GDELT,Petrobras,"Petrobras ( PETR4 ) não dará nenhum salto no escuro em energia renovável , diz Prates","Petrobras ( PETR4 ) não dará nenhum salto no escuro em energia renovável , diz Prates",https://www.infomoney.com.br/mercados/petrobras-petr4-nao-dara-nenhum-salto-no-escuro-em-energia-renovavel-diz-prates/,infomoney.com.br,Portuguese,b201f1abf76bbebeca4e58ef968d2d30f223aa5eb540e1336abec7ba28f52a33
2024-01-31 17:30:00,PETR4,CAT1_Empresa,GDELT,Petrobras,Concurso da Petrobras com 6 . 412 vagas tem inscries encerradas hoje ; saiba mais,Concurso da Petrobras com 6 . 412 vagas tem inscries encerradas hoje ; saiba mais,https://www.otempo.com.br/economia/concurso-da-petrobras-com-6-412-vagas-tem-inscricoes-encerradas-hoje-saiba-mais-1.3322025,otempo.com.br,Portuguese,68bf5e40009a8a2ed7ae66fc402c298d730fe5a6fcc87554205727f7fd62b3ce
2024-01-31 16:45:00,PETR4,CAT1_Empresa,GDELT,Petrobras,Lula diz que países ricos têm que ajudar no combate ao tráfico internacional e promete  jogar pesado  contra crime organizado,Lula diz que países ricos têm que ajudar no combate ao tráfico internacional e promete  jogar pesado  contra crime organizado,https://www.brasil247.com/brasil/lula-diz-que-paises-ricos-tem-que-ajudar-no-combate-ao-trafico-internacional-e-promete-jogar-pesado-contra-crime-organizado,brasil247.com,Portuguese,5b063d036257dd28b53fdda13ac591713319eb424880a99264248d530502878b
2024-01-31 16:30:00,PETR4,CAT1_Empresa,GDELT,Petrobras,"Inscries para concurso da Petrobras com 6 , 4 mil vagas se encerram nesta quarta","Inscries para concurso da Petrobras com 6 , 4 mil vagas se encerram nesta quarta",https://www.opovo.com.br/noticias/economia/2024/01/31/inscricoes-para-concurso-da-petrobras-com-64-mil-vagas-se-encerram-nesta-quarta.html,opovo.com.br,Portuguese,e4b801115c50d85ca4af8303f4e605c69d2191390fb65085f0d29973cf0ecde2
2024-01-31 15:45:00,PETR4,CAT1_Empresa,GDELT,Petrobras,Lula diz que países ricos têm de cuidar de usuários de drogas e promete  jogar pesado  contra crime organizado,Lula diz que países ricos têm de cuidar de usuários de drogas e promete  jogar pesado  contra crime organizado,https://economia.uol.com.br/noticias/reuters/2024/01/31/lula-diz-que-paises-ricos-tem-de-cuidar-de-usuarios-de-drogas-e-promete-jogar-pesado-contra-crime-organizado.htm,economia.uol.com.br,Portuguese,998b8a25120f6a8c5366599faeb2d336b86744a376274236154d9f338022d18d
2024-01-31 11:30:00,PETR4,CAT1_Empresa,GDELT,Petrobras,Ibama prevê impacto ambiental em nível máximo em explorao de petróleo na Foz do Amazonas,Ibama prevê impacto ambiental em nível máximo em explorao de petróleo na Foz do Amazonas,https://jornaldebrasilia.com.br/noticias/brasil/ibama-preve-impacto-ambiental-em-nivel-maximo-em-exploracao-de-petroleo-na-foz-do-amazonas/,jornaldebrasilia.com.br,Portuguese,3f30c7733db97fdd5cd56c4617ab2b8c28e932b94bb01582c2e4b41b0f984d7f
2024-01-31 05:15:00,PETR4,CAT1_Empresa,GDELT,Petrobras,Alta na percepo de corrupo traz custo ao Brasil,Alta na percepo de corrupo traz custo ao Brasil,https://oglobo.globo.com/opiniao/editorial/coluna/2024/01/alta-na-percepcao-de-corrupcao-traz-custo-ao-brasil.ghtml,oglobo.globo.com,Portuguese,a65234cebc46caf6acee79af7a93b2fd335a179b9a7e48f634a9d16b04683eea
2024-01-31 04:15:00,PETR4,CAT1_Empresa,GDELT,Petrobras,Editorial : A  má vontade  do petismo com o combate à corrupo,Editorial : A  má vontade  do petismo com o combate à corrupo,https://www.gazetadopovo.com.br/opiniao/editoriais/petismo-combate-corrupcao-transparencia-internacional/,gazetadopovo.com.br,Portuguese,5e55610362397b1b0f13206e988dfa1353266b9c8c8931e2950e2f47b40c1001
2024-01-31 04:15:00,PETR4,CAT1_Empresa,GDELT,Petrobras,"Na véspera do Copom e do Fed , Ibovespa cai 0 , 86 %, aos 127 , 4 mil pontos","Na véspera do Copom e do Fed , Ibovespa cai 0 , 86 %, aos 127 , 4 mil pontos",https://www.jornaldocomercio.com/economia/2024/01/1141153-na-vespera-do-copom-e-do-fed-ibovespa-cai-086-aos-1274-mil-pontos.html,jornaldocomercio.com,Portuguese,30c8b01835abddcd1f86de8e84756537727b869bf378638d4c5e80e7efd6c615
2024-01-31 03:45:00,PETR4,CAT1_Empresa,GDELT,Petrobras,Seis vezes em que o governo Lula usou a comunicao pública para fazer política,Seis vezes em que o governo Lula usou a comunicao pública para fazer política,https://www.estadao.com.br/politica/governo-lula-ironias-secretaria-comunicacao-presidencia-secom-politica-ironias-toc-toc-carlos-bolsonaro-policia-federal-deboche-nprp/,estadao.com.br,Portuguese,cb5db3971ce4549a69d277fca0ddda7c6e9e720ce323595420ade2d409938d71
2024-01-31 03:00:00,PETR4,CAT1_Empresa,GDELT,Petrobras,"Repar bate recordes de produo de diesel , gasolina e asfalto","Repar bate recordes de produo de diesel , gasolina e asfalto",https://www.bemparana.com.br/noticias/economia/repar-bate-recordes-de-producao-de-diesel-gasolina-e-asfalto/,bemparana.com.br,Portuguese,551d173010069c8b59cb46e3dbb9f6fcae781fb8edc0f0de42a0ed2d0eddefa5
2024-01-31 00:30:00,PETR4,CAT1_Empresa,GDELT,Petrobras,Brasil e Bolívia farão estudos para construo de potenciais fábricas de fertilizantes,Brasil e Bolívia farão estudos para construo de potenciais fábricas de fertilizantes,"https://www.terra.com.br/noticias/brasil/brasil-e-bolivia-farao-estudos-para-construcao-de-potenciais-fabricas-de-fertilizantes,b3a9ce200c1cdafadcb721d7b7afc039iuc5j5fq.html",terra.com.br,Portuguese,31df6ec6bedfce59168ace58168c71a70b7845fb577ba47f69a1e5d9d2238fff
2024-01-31 00:30:00,PETR4,CAT1_Empresa,GDELT,Petrobras,"Gol  afunda  26 , 97 % em seu último dia na bolsa de valores brasileira","Gol  afunda  26 , 97 % em seu último dia na bolsa de valores brasileira","https://www.terra.com.br/economia/gol-afunda-2697-em-seu-ultimo-dia-na-bolsa-de-valores-brasileira,93380d737f544b48740760144a428a5crvjgo8ic.html",terra.com.br,Portuguese,d219fce96119ad874d0ef0948d56131344b25bf2ae64090662ae53cd23c5ecff
2024-01-31 00:30:00,PETR4,CAT1_Empresa,GDELT,Petrobras,ltima chance : inscries para o concurso Petrobras encerram nesta quarta - feira,ltima chance : inscries para o concurso Petrobras encerram nesta quarta - feira,https://oestadoacre.com/2024/01/30/ultima-chance-inscricoes-para-o-concurso-petrobras-encerram-nesta-quarta-feira/,oestadoacre.com,Portuguese,cdc5a5d126ee9e21e7a6785a4875cc1db81f40fbf061b737ab3cdf40c3da3275
2024-01-31 00:15:00,PETR4,CAT1_Empresa,GDELT,Petrobras,SERGIPE REGISTRA O MAIOR EMBARQUE DE PETRÓLEO DA HISTÓRIA DO TECARMO ; PRODUO AUMENTA EM MAIS DE 100 %,SERGIPE REGISTRA O MAIOR EMBARQUE DE PETRÓLEO DA HISTÓRIA DO TECARMO ; PRODUO AUMENTA EM MAIS DE 100 %,https://www.faxaju.com.br/economia/sergipe-registra-o-maior-embarque-de-petroleo-da-historia-do-tecarmo-producao-aumenta-em-mais-de-100/,faxaju.com.br,Portuguese,a5a8e2d9ec85782f46fd3882b7359fea8ce285ae74390de3ecdd713d47975091
2024-01-30 23:15:00,PETR4,CAT1_Empresa,GDELT,Petrobras,O Instituto Onda Azul realiza evento de apoio a mulheres da pesca artesanal em Cabo Frio,O Instituto Onda Azul realiza evento de apoio a mulheres da pesca artesanal em Cabo Frio,https://www.folhanit.com.br/?p=9970,folhanit.com.br,Portuguese,3c5e9b2bbebe841ccfc376a5e0f2b4a488aaa0173ae58724fdd55009086c0fae
2024-01-30 23:15:00,PETR4,CAT1_Empresa,GDELT,Petrobras,Gleisi e CGU criticam relatório da Transparência Internacional,Gleisi e CGU criticam relatório da Transparência Internacional,https://www.redebrasilatual.com.br/politica/gleisi-e-cgu-criticam-relatorio-da-transparencia-internacional-sobre-corrupcao-termometro-desregulado/,redebrasilatual.com.br,Portuguese,45c9c0cba949ab539a7496a5d29f0568fc7a04c2ed2ebc7eb4698d81ef2bddd6
2024-01-30 23:00:00,PETR4,CAT1_Empresa,GDELT,Petrobras,"Concurso da Petrobras encerra inscries nesta quarta , 31","Concurso da Petrobras encerra inscries nesta quarta , 31",https://www.jornalfolhadoestado.com/concurso-e-emprego/concurso-da-petrobras-encerra-inscricoes-nesta-quarta-feira,jornalfolhadoestado.com,Portuguese,8d941ef44faf7c631054b3f3a2019e15adbda2145f45f29ce987af34f3262348
2024-01-30 23:00:00,PETR4,CAT1_Empresa,GDELT,Petrobras,Concurso da Petrobras encerra inscries nesta quarta - feira,Concurso da Petrobras encerra inscries nesta quarta - feira,https://www.novoeste.com/noticias/69532/concurso-da-petrobras-encerra-inscricoes-nesta-quarta-feira,novoeste.com,Portuguese,9f4c6ca729cbe5fb45d49da104c647ec21389146b7986548ee7b920da2a61c0b
2024-01-30 22:45:00,PETR4,CAT1_Empresa,GDELT,Petrobras,Inscries para concurso da Petrobras encerram nesta quarta,Inscries para concurso da Petrobras encerram nesta quarta,https://www.folhavitoria.com.br/trabalho/noticia/01/2024/inscricoes-para-concurso-da-petrobras-encerra-nesta-quarta-feira,folhavitoria.com.br,Portuguese,783f438abb9061d3dcedb3068d74862c9e7672b08a460336c2087df1da4149a3
2024-01-30 22:30:00,PETR4,CAT1_Empresa,GDELT,Petrobras,Transparência Internacional é o lobo que acredita ter autoridade para definir como o galinheiro deve ser protegido - Joaquim de Carvalho,Transparência Internacional é o lobo que acredita ter autoridade para definir como o galinheiro deve ser protegido - Joaquim de Carvalho,https://www.brasil247.com:443/blog/transparencia-internacional-e-o-lobo-que-acredita-ter-autoridade-para-definir-como-o-galinheiro-deve-ser-protegido,brasil247.com,Portuguese,d48637637ab6a2167e44db3fd122fc54476dc8227ab7627d317df9d1dc9e8fb8
2024-01-30 22:15:00,PETR4,CAT1_Empresa,GDELT,Petrobras,"Na véspera do Copom e do Fed , Ibovespa cai 0 , 86 %, aos 127 , 4 mil pontos - 30 / 01 / 2024","Na véspera do Copom e do Fed , Ibovespa cai 0 , 86 %, aos 127 , 4 mil pontos - 30 / 01 / 2024",https://www.dgabc.com.br/Noticia/4098621/na-vespera-do-copom-e-do-fed-ibovespa-cai-0-86-aos-127-4-mil-pontos,dgabc.com.br,Portuguese,b409212d4db96ae15c3f797f476e722c13857fe28851c996ab2fff6be2fb1634
2024-01-30 18:15:00,PETR4,CAT1_Empresa,GDELT,Petrobras,Concurso da Petrobras encerra inscries nesta quarta - feira ( 31 ),Concurso da Petrobras encerra inscries nesta quarta - feira ( 31 ),https://www.jornalcruzeiro.com.br/geral/brasil/2024/01/728291-concurso-da-petrobras-encerra-inscricoes-nesta-quarta-feira-31.html,jornalcruzeiro.com.br,Portuguese,9df32428593b7425cba1a5578cb8a084ddaca081addb42b78cbf9117750435ba
2024-01-30 18:15:00,PETR4,CAT1_Empresa,GDELT,Petrobras,Transparência  festeja pretenso aumento da corrupo no Brasil,Transparência  festeja pretenso aumento da corrupo no Brasil,https://www.conjur.com.br/2024-jan-30/transparencia-festeja-pretenso-aumento-da-corrupcao-no-brasil/,conjur.com.br,Portuguese,4c69385cdc718e4129f62499fb9bea370288029f74024bd8d8189018bed54c17
2024-01-30 18:15:00,PETR4,CAT1_Empresa,GDELT,Petrobras,Gleisi critica relatório da Transparência Internacional e relembra ligao com a Lava Jato,Gleisi critica relatório da Transparência Internacional e relembra ligao com a Lava Jato,https://www.cartacapital.com.br/politica/gleisi-critica-relatorio-da-transparencia-internacional-e-relembra-ligacao-com-a-lava-jato/,cartacapital.com.br,Portuguese,1f051f1244196c991e59980c2abbf811fb45af02983bc38166c614d7f339d847
2024-01-30 17:30:00,PETR4,CAT1_Empresa,GDELT,Petrobras,"Navios da Petrobras evitam Mar Vermelho por crise , empresa não vê custos adicionais","Navios da Petrobras evitam Mar Vermelho por crise , empresa não vê custos adicionais","https://www.terra.com.br/noticias/navios-da-petrobras-evitam-mar-vermelho-por-crise-empresa-nao-ve-custos-adicionais,4bd5ee290920f6d6ae641c94a6f0e2d9ay2ifbxk.html",terra.com.br,Portuguese,ab14616ea589a01b2a13afc94bca89649905c7e31d49e3a1c72dc69ede45774d
2024-01-30 17:15:00,PETR4,CAT1_Empresa,GDELT,Petrobras,• Concurso da Petrobras encerra inscries nesta quarta ; saiba mais,• Concurso da Petrobras encerra inscries nesta quarta ; saiba mais,https://tnonline.uol.com.br/noticias/cotidiano/concurso-da-petrobras-encerra-inscricoes-nesta-quarta-saiba-mais-831962,tnonline.uol.com.br,Portuguese,6e1b2068100fba7295210cea923b654e7da286f1f286bfb3baa476578d9c082a
2024-01-30 17:15:00,PETR4,CAT1_Empresa,GDELT,Petrobras,Maurício Tolmasquim :  O futuro da Petrobras passa por sua transformao em uma empresa de energia,Maurício Tolmasquim :  O futuro da Petrobras passa por sua transformao em uma empresa de energia,https://www.infomoney.com.br/business/mauricio-tolmasquim-o-futuro-da-petrobras-passa-por-sua-transformacao-em-uma-empresa-de-energia/,infomoney.com.br,Portuguese,9e841d2b85b75c6149b9cd760fcc05a8136f24476b638d8215b8e13e8a34226e
2024-01-30 17:15:00,PETR4,CAT1_Empresa,GDELT,Petrobras,Petrobras ( PETR3 ; PETR4 ) e bancos responderam por 70 % da alta do Ibovespa em 2023 ; o que esperar para 2024 ?,Petrobras ( PETR3 ; PETR4 ) e bancos responderam por 70 % da alta do Ibovespa em 2023 ; o que esperar para 2024 ?,https://valorinveste.globo.com/mercados/renda-variavel/noticia/2024/01/30/petrobras-petr3-petr4-e-bancos-responderam-por-70percent-da-alta-do-ibovespa-em-2023-o-que-esperar-para-2024.ghtml,valorinveste.globo.com,Portuguese,6f8f4dd579ae78111bc38f69a72c8db76ff8ce1c8a4f6f697554d354a02ecf79
2024-01-30 16:45:00,PETR4,CAT1_Empresa,GDELT,Petrobras,"Petrobras considera cooperao internacional em novas fronteiras , como a Margem Equatorial | Economia","Petrobras considera cooperao internacional em novas fronteiras , como a Margem Equatorial | Economia",https://odia.ig.com.br/economia/2024/01/6784123-petrobras-considera-cooperacao-internacional-em-novas-fronteiras-como-a-margem-equatorial.html,odia.ig.com.br,Portuguese,3f4b7a13a6864bfdfe3262a3b5c4801ff9a7afd31c7ba5bcb84f19f161b927bb
2024-01-30 16:45:00,PETR4,CAT1_Empresa,GDELT,Petrobras,Concurso da Petrobras encerra inscries nesta quarta - feira | Empregos & Negócios,Concurso da Petrobras encerra inscries nesta quarta - feira | Empregos & Negócios,https://odia.ig.com.br/economia/empregos-e-negocios/2024/01/6784132-concurso-da-petrobras-encerra-inscricoes-nesta-quarta-feira.html,odia.ig.com.br,Portuguese,e3ef24a971f32f0172b3687ab2fca69afcb17a6a0d8e6efa67372a8ec96ef2c6
2024-01-30 16:45:00,PETR4,CAT1_Empresa,GDELT,Petrobras,"Petrobras considera cooperao internacional em novas fronteiras , como a Margem Equatorial - 30 / 01 / 2024","Petrobras considera cooperao internacional em novas fronteiras , como a Margem Equatorial - 30 / 01 / 2024",https://www.dgabc.com.br/Noticia/4098525/petrobras-considera-cooperacao-internacional-em-novas-fronteiras-como-a-margem-equatorial,dgabc.com.br,Portuguese,92ad23392b1ea0cab31adb92e6243bfaf75fdc143e56a87b4de18549e5abf00c
2024-01-30 14:15:00,PETR4,CAT1_Empresa,GDELT,Petrobras,Brasil cai 10 posies no ranking que mede a percepo da corrupo,Brasil cai 10 posies no ranking que mede a percepo da corrupo,https://ultimosegundo.ig.com.br/brasil/2024-01-30/brasil-cai-10-posicoes-no-ranking-que-mede-a-percpcao-da-corrupcao.html,ultimosegundo.ig.com.br,Portuguese,4b6e87865479bdb7e7f3b048c13a7dac36393db397cecf764201bdd2504e14ec
2024-01-30 13:00:00,PETR4,CAT1_Empresa,GDELT,Petrobras,"Ibovespa Ao Vivo : Confira o que movimenta Bolsa , Dólar e Juros nesta terça","Ibovespa Ao Vivo : Confira o que movimenta Bolsa , Dólar e Juros nesta terça",https://www.infomoney.com.br/mercados/ibovespa-hoje-bolsa-de-valores-ao-vivo-30012024/,infomoney.com.br,Portuguese,c2427004c521b393fd44e8622c807f9c3ad7352847a0f5b4fab33d8ecdb69221
2024-01-30 12:15:00,PETR4,CAT1_Empresa,GDELT,Petrobras,O papel da Petrobras no novo projeto industrial do país,O papel da Petrobras no novo projeto industrial do país,https://www.correiobraziliense.com.br/opiniao/2024/01/6794550-o-papel-da-petrobras-no-novo-projeto-industrial-do-pais.html,correiobraziliense.com.br,Portuguese,873b4562f0beab89909cf7d424a57559f5236daaffdf96a7b91389cf5381da1d
2024-01-30 12:15:00,PETR4,CAT1_Empresa,GDELT,Petrobras,Prato do Povo do governo deixará milhares com fome - O que é notícia em Sergipe,Prato do Povo do governo deixará milhares com fome - O que é notícia em Sergipe,https://infonet.com.br/blogs/adiberto/prato-do-povo-do-governo-deixara-milhares-com-fome/,infonet.com.br,Portuguese,2c3b18a776b646f091d5aec57024f8cc1a2285032d36f88a5048e46a5a1298d4
2024-01-30 12:15:00,PETR4,CAT1_Empresa,GDELT,Petrobras,Brasil cai dez posies no ranking de percepo da corrupo ; relatório critica Bolsonaro,Brasil cai dez posies no ranking de percepo da corrupo ; relatório critica Bolsonaro,https://congressoemfoco.uol.com.br/area/pais/brasil-cai-dez-posicoes-no-ranking-de-percepcao-da-corrupcao-relatorio-critica-bolsonaro/,congressoemfoco.uol.com.br,Portuguese,c3a993802bb603bffcf2597d6b9e60a6473c7a4f61d9ac89aaf16c30517f6862
2024-01-30 10:15:00,PETR4,CAT1_Empresa,GDELT,Petrobras,"Processos seletivos na Prefeitura SP , Petrobras e empresas privadas somam 2 , 1 mil vagas","Processos seletivos na Prefeitura SP , Petrobras e empresas privadas somam 2 , 1 mil vagas",https://jcconcursos.uol.com.br/noticia/empregos/processos-seletivos-na-prefeitura-sp-petrobras-e-empresas-privadas-somam-21-mil-vagas-121581,jcconcursos.uol.com.br,Portuguese,6f58acfda85de0d87e0260894bad0ad8da8ae598796da322f39b7d358626d83e
2024-01-30 10:00:00,PETR4,CAT1_Empresa,GDELT,Petrobras,Fafen retomará produo de fertilizantes no município de Laranjeiras,Fafen retomará produo de fertilizantes no município de Laranjeiras,https://www.faxaju.com.br/economia/fafen-retomara-producao-de-fertilizantes-no-municipio-de-laranjeiras/,faxaju.com.br,Portuguese,248a622d96f1b235133b01ea59b6b15a81f06df9cf19a430ab9dc1b1102fdb8f
2024-01-30 09:15:00,PETR4,CAT1_Empresa,GDELT,Petrobras,"Sobe gasolina , diesel e botijão de gás ; Auditores fazem operao | Atualidade Jurídica","Sobe gasolina , diesel e botijão de gás ; Auditores fazem operao | Atualidade Jurídica",https://www.portalaz.com.br/colunas/14/atualidade-juridica/56494/sobe-gasolina-diesel-e-botijao-de-gas-auditores-fazem-operacao/,portalaz.com.br,Portuguese,343a902f5f55d36095c669535ec68d713723087f128d76eca1db523b9e984dd0
2024-01-30 08:15:00,PETR4,CAT1_Empresa,GDELT,Petrobras,Estadão ataca Mercadante e o desenvolvimento da indústria naval no Brasil,Estadão ataca Mercadante e o desenvolvimento da indústria naval no Brasil,https://www.brasil247.com/midia/estadao-ataca-mercadante-e-o-desenvolvimento-da-industria-naval-no-brasil,brasil247.com,Portuguese,1304148d3f5c4a29cff9a500ba4ce49944abaca8164c63b3974aca992bd1953e
2024-01-30 07:45:00,PETR4,CAT1_Empresa,GDELT,Petrobras,Brasil perde dez posies em ranking internacional de percepo da corrupo ; veja os dados,Brasil perde dez posies em ranking internacional de percepo da corrupo ; veja os dados,https://oglobo.globo.com/politica/noticia/2024/01/30/brasil-perde-dez-posicoes-em-ranking-internacional-de-percepcao-da-corrupcao-veja-os-dados.ghtml,oglobo.globo.com,Portuguese,f634dd29c6aecb5ebe507202ac7560422165fcfdb8ab3656f2e6472593887718
2024-01-30 05:30:00,PETR4,CAT1_Empresa,GDELT,Petrobras,"Mídia : barril de petróleo pode ultrapassar US$ 90 com crise no Iêmen , diz presidente da Petrobras","Mídia : barril de petróleo pode ultrapassar US$ 90 com crise no Iêmen , diz presidente da Petrobras",https://sputniknewsbr.com.br/20240130/midia-barril-de-petroleo-pode-ultrapassar-us-90-com-crise-no-iemen-diz-presidente-da-petrobras-32788411.html,sputniknewsbr.com.br,Portuguese,996819b911078e4caa94a9c33c0ac304fb05f790682bc69e353b0cf3365ac2de
2024-01-30 02:00:00,PETR4,CAT1_Empresa,GDELT,Petrobras,B3 anuncia Opes de Aes com vencimentos semanais,B3 anuncia Opes de Aes com vencimentos semanais,https://investimentosenoticias.com.br/bolsa-de-valores/b3-anuncia-opcoes-de-acoes-com-vencimentos-semanais/,investimentosenoticias.com.br,Portuguese,f05cbfe98d51658f45667c3fcdd67151971c5317adde34aebf1fafbdf0ffd37a
2024-01-30 02:00:00,PETR4,CAT1_Empresa,GDELT,Petrobras,Prates diz que crise no Iemen pode levar o barril de petróleo acima de US$ 90,Prates diz que crise no Iemen pode levar o barril de petróleo acima de US$ 90,https://oglobo.globo.com/economia/noticia/2024/01/29/prates-diz-que-crise-no-iemen-pode-levar-o-barril-de-petroleo-acima-de-us-90.ghtml,oglobo.globo.com,Portuguese,a3c1bffbdfbb76a4137788e33ab3c30fa68912e972db4215bfdbd5c4b5353a80
2024-01-30 01:30:00,PETR4,CAT1_Empresa,GDELT,Petrobras,Ibovespa fecha em queda com cautela ; Gol desaba,Ibovespa fecha em queda com cautela ; Gol desaba,https://diariodocomercio.com.br/economia/ibovespa-queda-cautela-gol/,diariodocomercio.com.br,Portuguese,11a873fe4712234f69a66109ae9e4359a1e71756c5624960bb5669de465d5a27
2024-01-30 00:45:00,PETR4,CAT1_Empresa,GDELT,Petrobras,"Gasolina , diesel e gás de cozinha ficarão mais caros","Gasolina , diesel e gás de cozinha ficarão mais caros",https://dol.com.br/noticias/brasil/846108/gasolina-diesel-e-gas-de-cozinha-ficarao-mais-caros,dol.com.br,Portuguese,56b8682f23291c31629f0842a1c43c312aa44023a79f8a0ae346891971fe644e
2024-01-29 23:45:00,PETR4,CAT1_Empresa,GDELT,Petrobras,"Diesel no Brasil está em média 11 % abaixo da paridade internacional e gasolina , 7 %, diz Abicom","Diesel no Brasil está em média 11 % abaixo da paridade internacional e gasolina , 7 %, diz Abicom",https://www.jornaldocomercio.com/economia/2024/01/1140885-diesel-no-brasil-esta-em-media-11-abaixo-da-paridade-internacional-e-gasolina-7-diz-abicom.html,jornaldocomercio.com,Portuguese,6c1735c5eefffb839f647e61fd29438abd4279a00eb9f118d70e60f8bd004d78
2024-01-29 23:00:00,PETR4,CAT1_Empresa,GDELT,Petrobras,"Contas públicas tem déficit de R$ 230 , 54 bilhões em 2023","Contas públicas tem déficit de R$ 230 , 54 bilhões em 2023",https://www.jornalfolhadoestado.com/economia/contas-publicas-tem-deficit-de-r-230-54-bilhoes-em-2023,jornalfolhadoestado.com,Portuguese,bac174047e325acae872082620e9b6698af502c8f50888ee0a456e88b62aaa00
2024-01-29 22:45:00,PETR4,CAT1_Empresa,GDELT,Petrobras,"Ibovespa fecha em queda de 0 , 36 %, com agenda da semana endossando cautela","Ibovespa fecha em queda de 0 , 36 %, com agenda da semana endossando cautela",https://www.infomoney.com.br/mercados/ibovespa-fecha-em-queda-de-036-com-agenda-da-semana-endossando-cautela/,infomoney.com.br,Portuguese,018cd55107735830d3b685676a3fec5aab502faedc4e9a5e1e9dc60fa2fdd456
2024-01-29 22:45:00,PETR4,CAT1_Empresa,GDELT,Petrobras,"Diálogos do Sul : Brasil segue vulnerável à guerra híbrida mesmo após golpes e Lava Jato , dizem analistas","Diálogos do Sul : Brasil segue vulnerável à guerra híbrida mesmo após golpes e Lava Jato , dizem analistas",https://dialogosdosul.operamundi.uol.com.br/brasil/85284/brasil-segue-vulneravel-a-guerra-hibrida-mesmo-apos-golpes-e-lava-jato-dizem-analistas,dialogosdosul.operamundi.uol.com.br,Portuguese,1f7a17ee01c47ea115c2508c31a74815769b28056aa902e0ab92f935cedb7f1c
2024-01-29 22:45:00,PETR4,CAT1_Empresa,GDELT,Petrobras,"Ibovespa inicia semana em baixa de 0 , 36 %, aos 128 , 5 mil pontos - 29 / 01 / 2024","Ibovespa inicia semana em baixa de 0 , 36 %, aos 128 , 5 mil pontos - 29 / 01 / 2024",https://www.dgabc.com.br/Noticia/4098400/ibovespa-inicia-semana-em-baixa-de-0-36-aos-128-5-mil-pontos,dgabc.com.br,Portuguese,defbcae3c89bb66121522e96e9e1f1f62f742bb6e00018c582016500bf8a8be8
2024-01-29 21:45:00,PETR4,CAT1_Empresa,GDELT,Petrobras,SINE Municipal de Uberaba oferece vagas de emprego,SINE Municipal de Uberaba oferece vagas de emprego,https://www.jornaldeuberaba.com.br/noticia/73127/sine-municipal-de-uberaba-oferece-vagas-de-emprego,jornaldeuberaba.com.br,Portuguese,9afe0bfdd0dbcd510037507749a01ac3bd5a7b941c880be7f8ff75f49d0d6ba5
2024-01-29 19:30:00,PETR4,CAT1_Empresa,GDELT,Petrobras,Gerdau ( GGBR4 ) cai 12 % em 2024 e analista recomenda compra – por quê ?,Gerdau ( GGBR4 ) cai 12 % em 2024 e analista recomenda compra – por quê ?,https://exame.com/invest/onde-investir/gerdau-ggbr4-derrete-12-em-2024-e-analista-recomenda-compra-por-que/,exame.com,Portuguese,821bd6f0ddfac61f3ad34457ea49a38257fd13b1669f8e54d04b1a38d64dfaec
2024-01-29 18:15:00,PETR4,CAT1_Empresa,GDELT,Petrobras,"Pagamento de precatórios eleva déficit para R$ 230 , 54 bi em 2023","Pagamento de precatórios eleva déficit para R$ 230 , 54 bi em 2023",https://www.cartacapital.com.br/economia/pagamento-de-precatorios-eleva-deficit-para-r-23054-bi-em-2023/,cartacapital.com.br,Portuguese,280f75a8b5e9adf902fabbe9a29bc6e5536f71307610c82f584f6ee2b7f3edb7
2024-01-29 17:45:00,PETR4,CAT1_Empresa,GDELT,Petrobras,Diesel está em média 11 % abaixo da paridade internacional e gasolina,Diesel está em média 11 % abaixo da paridade internacional e gasolina,https://www.acritica.net/editorias/economia/diesel-no-brasil-esta-em-media-11-abaixo-da-paridade-internacional-e-g/715787/,acritica.net,Portuguese,81646fedb0e06b0277b0e00fe93a2469f8c023189e6dc770b7a5bc186d606819
2024-01-29 15:45:00,PETR4,CAT1_Empresa,GDELT,Petrobras,"Gasolina , diesel e botijão de gás sobem em fevereiro","Gasolina , diesel e botijão de gás sobem em fevereiro",https://diariodocomercio.com.br/economia/gasolina-diesel-gas-fevereiro-icms/,diariodocomercio.com.br,Portuguese,5026b5fcbab86a1f7904dc6b9cef28692bf810abccd2755a6d2178f10a4ae3c6
2024-01-29 15:15:00,PETR4,CAT1_Empresa,GDELT,Petrobras,"Gasolina , diesel e botijão de gás sobem nesta quinta ( 1º ) com novo ICMS","Gasolina , diesel e botijão de gás sobem nesta quinta ( 1º ) com novo ICMS",https://www.bonde.com.br/bondenews/economia/gasolina-diesel-e-botijao-de-gas-sobem-nesta-quinta-1-com-novo-icms,bonde.com.br,Portuguese,e70c7ddf946e4e81bcb684018b3964364f0f2b0d2a3dfd3973631bd677b7896f
2024-01-29 14:30:00,PETR4,CAT1_Empresa,GDELT,Petrobras,Dólar abre sessão com leve alta com mercado à espera de decisões sobre juros,Dólar abre sessão com leve alta com mercado à espera de decisões sobre juros,https://jornaldebrasilia.com.br/noticias/economia/dolar-abre-sessao-com-leve-alta-com-mercado-a-espera-de-decisoes-sobre-juros/,jornaldebrasilia.com.br,Portuguese,2d80bbbed3a4061667a7017248f2da012284d9da1d759115ec3a9e2ee8076cc6
2024-01-29 14:15:00,PETR4,CAT1_Empresa,GDELT,Petrobras,Morning Xpress - Jornal A Plateia,Morning Xpress - Jornal A Plateia,https://www.aplateia.com.br/2024/01/29/morning-xpress-296/,aplateia.com.br,Portuguese,2eaa1a07948755334cc9378099681d5178eda60ae523517005540a8e47c2383d
2024-01-29 13:30:00,PETR4,CAT1_Empresa,GDELT,Petrobras,Ibovespa Ao Vivo : Bolsa abre em queda com VALE3 e bancos ; PETR4 oscila e MGLU3 sobe,Ibovespa Ao Vivo : Bolsa abre em queda com VALE3 e bancos ; PETR4 oscila e MGLU3 sobe,https://www.infomoney.com.br/mercados/ibovespa-hoje-bolsa-de-valores-ao-vivo-29012024/,infomoney.com.br,Portuguese,68fa5e3961f9778f27b4c84f7a543a8e26ddcdc22c004e036c392d9f7f0fed01
2024-01-29 12:15:00,PETR4,CAT1_Empresa,GDELT,Petrobras,ltimos dias para inscries no concurso Petrobras 2024 com 6 . 412 vagas ; veja edital e salário,ltimos dias para inscries no concurso Petrobras 2024 com 6 . 412 vagas ; veja edital e salário,https://jc.ne10.uol.com.br/colunas/jamildo/2024/01/15664388-ultimos-dias-para-inscricoes-no-concurso-petrobras-2024-com-6-412-vagas-veja-edital-e-salario.html,jc.ne10.uol.com.br,Portuguese,776034aa99baad219796a51f65c42af5a4d2fc98fbb164fd58e56e992d92239a
2024-01-29 08:30:00,PETR4,CAT1_Empresa,GDELT,Petrobras,"Folha ataca BNDES e política industrial do governo Lula , que foi elogiada por todos os setores da indústria","Folha ataca BNDES e política industrial do governo Lula , que foi elogiada por todos os setores da indústria",https://www.brasil247.com/midia/folha-ataca-bndes-e-politica-industrial-do-governo-lula-que-foi-elogiada-por-todos-os-setores-da-industria,brasil247.com,Portuguese,836606ad0e67dd94ca3650aad895ac93b52cc250605b3dadff8107d715e2aa52
2024-01-29 07:30:00,PETR4,CAT1_Empresa,GDELT,Petrobras,Petrobras encontra sinais de petróleo na Margem Equatorial - Egídio Serpa,Petrobras encontra sinais de petróleo na Margem Equatorial - Egídio Serpa,https://diariodonordeste.verdesmares.com.br:443/opiniao/colunistas/egidio-serpa/petrobras-encontra-sinais-de-petroleo-na-margem-equatorial-1.3472334,diariodonordeste.verdesmares.com.br,Portuguese,11923e23f204d5b8e67bd41f53911c07fbe28a0ea6361c8a06a5e521fe6fe66b
2024-01-28 15:15:00,PETR4,CAT1_Empresa,GDELT,Petrobras,"Já somos doutores em escapar de sanes americanas , diz embaixador do Ir","Já somos doutores em escapar de sanes americanas , diz embaixador do Ir",https://www.estadao.com.br/internacional/ja-somos-doutores-em-escapar-de-sancoes-americanas-diz-embaixador-do-ira/,estadao.com.br,Portuguese,cdb6c4410cc110bb4aa89022973edceeb8e1d71c9e3a516d0243c90b629e2c42
2024-01-28 14:30:00,PETR4,CAT1_Empresa,GDELT,Petrobras,Valor de mercado de Big Techs cresce US$ 489 bi em janeiro - metade do valor das empresas da B3,Valor de mercado de Big Techs cresce US$ 489 bi em janeiro - metade do valor das empresas da B3,https://exame.com/invest/mercados/valor-de-mercado-de-big-techs-soma-us-489bi-em-janeiro-metade-do-valor-de-todas-as-empresas-da-b3/,exame.com,Portuguese,43e7c1bfc824812d8588dc1d2ec85b5588b877e0f229667f98f85559287a77ba
2024-01-28 14:15:00,PETR4,CAT1_Empresa,GDELT,Petrobras,"Selees e concursos ofertam mais de 1 , 7 mil vagas com salários de até R$ 13 , 6 mil em Pernambuco","Selees e concursos ofertam mais de 1 , 7 mil vagas com salários de até R$ 13 , 6 mil em Pernambuco",https://jornalfloripa.com.br/pagina/1321498,jornalfloripa.com.br,Portuguese,f8b8021c74e81f784015f2a972375b0c509699e267284c11439f44ddc4df1a80
2024-01-28 14:00:00,PETR4,CAT1_Empresa,GDELT,Petrobras,Concluída perfurao em poço da Margem Equatorial - 28 / 01 / 2024,Concluída perfurao em poço da Margem Equatorial - 28 / 01 / 2024,https://www.dgabc.com.br/Noticia/4098146/concluida-perfuracao-em-poco-da-margem-equatorial,dgabc.com.br,Portuguese,c12e65c710fe9770e3886c1bf85c91607693dc7b53adb7d3e466315f4c0567ae
2024-01-28 13:15:00,PETR4,CAT1_Empresa,GDELT,Petrobras,Concluída perfurao em poço da Margem Equatorial,Concluída perfurao em poço da Margem Equatorial,https://economia.uol.com.br/noticias/estadao-conteudo/2024/01/28/concluida-perfuracao-em-poco-da-margem-equatorial.htm,economia.uol.com.br,Portuguese,84b6d0ed0c8119d476f23c8dc4776784b300b755198ba8b88d3eddd4886f929e
2024-01-28 12:45:00,PETR4,CAT1_Empresa,GDELT,Petrobras,"Nenhum país se desenvolve sem uma indústria forte , diz Aloizio Mercadante","Nenhum país se desenvolve sem uma indústria forte , diz Aloizio Mercadante",https://www.brasil247.com/entrevistas/nenhum-pais-se-desenvolve-sem-uma-industria-forte-diz-aloizio-mercadante,brasil247.com,Portuguese,39b78991a1564c2dcf4af74a9461bdab3b8c187220149c0d16b69baa20939615
2024-01-28 11:45:00,PETR4,CAT1_Empresa,GDELT,Petrobras,A pressão contínua,A pressão contínua,https://oglobo.globo.com/blogs/merval-pereira/coluna/2024/01/a-pressao-continua.ghtml,oglobo.globo.com,Portuguese,3c4c8ccc179f49b072b94b0db008df1441fd87b7b20cd737c6194121d27e7375
2024-01-28 09:00:00,PETR4,CAT1_Empresa,GDELT,Petrobras,Fórum dos Leitores,Fórum dos Leitores,https://www.estadao.com.br/opiniao/forum-dos-leitores/forum-dos-leitores-28-1-24/,estadao.com.br,Portuguese,0ca4e6f723df6a839b5e1457a63122b6f6276b3ee40ad0dfd803493b1c128b63
2024-01-28 08:30:00,PETR4,CAT1_Empresa,GDELT,Petrobras,Promessas e perigos do plano industrial,Promessas e perigos do plano industrial,https://www.estadao.com.br/opiniao/rolf-kuntz/promessas-e-perigos-do-plano-industrial/,estadao.com.br,Portuguese,bc0ae3d596db2e89ed98d567942110f6a96948419082edc026422e893c12968b
2024-01-28 07:00:00,PETR4,CAT1_Empresa,GDELT,Petrobras,"O salto da energia eólica : setor prevê quase dobrar de tamanho até 2030 , com aportes de R$ 175 bi","O salto da energia eólica : setor prevê quase dobrar de tamanho até 2030 , com aportes de R$ 175 bi",https://www.estadao.com.br/economia/negocios/energia-eolica-brasil-crescimento-investimentos/,estadao.com.br,Portuguese,06aed361448fe22ebc928d6f7fa4d08c1999660427d23da875402b603cc8ca37
2024-01-28 04:00:00,PETR4,CAT1_Empresa,GDELT,Petrobras,O apagão de competência |,O apagão de competência |,https://odia.ig.com.br/rio-de-janeiro/um-olhar-sobre-o-rio/2024/01/6782529-o-apagao-de-competencia.html,odia.ig.com.br,Portuguese,399338b3468215046026cd301e50ce3648c9d0c510362ba68dc5a3059d83c2fd
2024-01-28 00:15:00,PETR4,CAT1_Empresa,GDELT,Petrobras,"Projetos do governo abrem caminho para inchar BNDES , dizem economistas","Projetos do governo abrem caminho para inchar BNDES , dizem economistas",https://jornaldebrasilia.com.br/noticias/politica-e-poder/projetos-do-governo-abrem-caminho-para-inchar-bndes-dizem-economistas/,jornaldebrasilia.com.br,Portuguese,1903458f19baf99798e94c4650ffe65331dbad317c050d9dff43135ae55abcc8
2024-01-27 23:45:00,PETR4,CAT1_Empresa,GDELT,Petrobras,"Gol , Latam e Azul ganharam R$ 6 , 5 bilhões em renúncia fiscal em 2021","Gol , Latam e Azul ganharam R$ 6 , 5 bilhões em renúncia fiscal em 2021",https://www.jornaldocomercio.com/economia/2024/01/1140761-gol-latam-e-azul-ganharam-rs-65-bilhoes-em-renuncia-fiscal-em-2021.html,jornaldocomercio.com,Portuguese,e564c5eea09c3bdf150fed48726683694bccc679f6d9b4d4f1dc4f8e020f090d
2024-01-27 20:00:00,PETR4,CAT1_Empresa,GDELT,Petrobras,Petrobras encontra indícios de petróleo na Margem Equatorial ; região foi pivô de conflito com Ibama,Petrobras encontra indícios de petróleo na Margem Equatorial ; região foi pivô de conflito com Ibama,https://exame.com/brasil/petrobras-encontra-indicios-de-petroleo-na-margem-equatorial-regiao-foi-pivo-de-conflito-com-ibama/,exame.com,Portuguese,f4fb0a8b01766c75321a6b6dfc7628cad21199e57258aec766f9f401b064ffc7
2024-01-27 20:00:00,PETR4,CAT1_Empresa,GDELT,Petrobras,Inflao na mesa : Batata - inglesa ficou 25 % mais cara em janeiro ; veja os produtos com maiores altas,Inflao na mesa : Batata - inglesa ficou 25 % mais cara em janeiro ; veja os produtos com maiores altas,https://exame.com/economia/inflacao-na-mesa-batata-inglesa-ficou-25-mais-cara-em-janeiro-veja-os-produtos-com-maiores-altas/,exame.com,Portuguese,4e0356656a07337b1e9d83687e6c7ed0049141a85710b69982cf38d85c6965df
2024-01-27 19:45:00,PETR4,CAT1_Empresa,GDELT,Petrobras,O velho marketing dá adeus - Tribuna do Norte,O velho marketing dá adeus - Tribuna do Norte,https://tribunadonorte.com.br/colunas/o-velho-marketing-da-adeus/,tribunadonorte.com.br,Portuguese,8f20c154f7dfdbc5f8c0d0a1c47f97098155d9492d1ba95577c085ae6f533083
2024-01-27 18:00:00,PETR4,CAT1_Empresa,GDELT,Petrobras,"Petrobras encontra hidrocarboneto na Margem Equatorial , mas viabilidade econômica ainda é inconclusiva","Petrobras encontra hidrocarboneto na Margem Equatorial , mas viabilidade econômica ainda é inconclusiva",https://www.infomoney.com.br/mercados/petrobras-encontra-hidrocarboneto-na-margem-equatorial-mas-viabilidade-economica-ainda-e-inconclusiva/,infomoney.com.br,Portuguese,aa0f9902fa9ae1f795e31e5406e0a549ecc83c3d9c7aca92aa51731884302cf7
2024-01-27 17:45:00,PETR4,CAT1_Empresa,GDELT,Petrobras,"Petrobras bate recorde em valor de mercado : R$ 525 , 6 bilhões","Petrobras bate recorde em valor de mercado : R$ 525 , 6 bilhões",https://veja.abril.com.br/economia/petrobras-bate-recorde-em-valor-de-mercado-r-5256-bilhoes/,veja.abril.com.br,Portuguese,d3ee1b8a38d5f4438445d85a1888a30c3f58c9b80c5ceb78f9d3633173b3ef21
2024-01-27 16:45:00,PETR4,CAT1_Empresa,GDELT,Petrobras,"Novo recorde : Petrobras passa a valer R$ 536 , 1 bilhões | Economia","Novo recorde : Petrobras passa a valer R$ 536 , 1 bilhões | Economia",https://www.meionorte.com/noticias/economia/petrobras-alcanca-o-maior-valor-de-mercado-e-bate-recorde-r-536-bilhoes-489536,meionorte.com,Portuguese,bd38481efd070db8dab691bf3673ffd0072771a98d37a38004474af8a7c26b27
2024-01-27 16:15:00,PETR4,CAT1_Empresa,GDELT,Petrobras,Petrobras encontra indícios de petróleo na Margem Equatorial,Petrobras encontra indícios de petróleo na Margem Equatorial,https://economia.ig.com.br/2024-01-27/petrobras-petroleo-margem-equatorial.html,economia.ig.com.br,Portuguese,398e51ce227cf2f5eced5c7ad90c9584f88d4d176498c1fdfdb17b51fd57f5ed
2024-01-27 16:15:00,PETR4,CAT1_Empresa,GDELT,Petrobras,Petrobras encontra petróleo na margem equatorial,Petrobras encontra petróleo na margem equatorial,https://diariodocomercio.com.br/economia/petrobras-petroleo-margem-equatorial/,diariodocomercio.com.br,Portuguese,20593cf7a7831bdbcc5dd0c6a99a5da4da2b9de9842c5a7ed2c595119ba6b02f
2024-01-27 16:00:00,PETR4,CAT1_Empresa,GDELT,Petrobras,J . R . Guzzo : Para Lula e Pimenta não há meio termo : imprensa deve elogiar governo dia e noite,J . R . Guzzo : Para Lula e Pimenta não há meio termo : imprensa deve elogiar governo dia e noite,https://www.gazetadopovo.com.br/vozes/jr-guzzo/lula-paulo-pimenta-imprensa-petrobras-abreu-lima/,gazetadopovo.com.br,Portuguese,339c16f7d122416a183f3da1f59f4ae9b168cb6f93a20305fb91daa452a5e785
2024-01-27 16:00:00,PETR4,CAT1_Empresa,GDELT,Petrobras,Silveira diz que Lula  nunca  iria interferir na Vale por Mantega,Silveira diz que Lula  nunca  iria interferir na Vale por Mantega,https://exame.com/invest/mercados/silveira-diz-que-lula-nunca-iria-interferir-na-vale-por-mantega/,exame.com,Portuguese,23f7137689871d93d9eba4684ae6529e58383e4970cf072a02b44ddaef6e6e58
2024-01-27 14:30:00,PETR4,CAT1_Empresa,GDELT,Petrobras,Petrobras conclui primeira perfurao de poço na Margem Equatorial • PortalR3 • Criando Opiniões,Petrobras conclui primeira perfurao de poço na Margem Equatorial • PortalR3 • Criando Opiniões,https://www.portalr3.com.br/2024/01/27/petrobras-conclui-primeira-perfuracao-de-poco-na-margem-equatorial/,portalr3.com.br,Portuguese,0fccaaeb356cdc586a7991facf44444372608d12e99c3dc4e67820dfd93075f4
2024-01-27 14:30:00,PETR4,CAT1_Empresa,GDELT,Petrobras,RedeTV ! Em rede com você,RedeTV ! Em rede com você,https://www.redetv.uol.com.br/jornalismo/geral/petrobras-conclui-primeira-perfuracao-de-poco-na-margem-equatorial,redetv.uol.com.br,Portuguese,2ad889d695550aeb8bd57895cfe9d7bc8ffa470a9ddeca7039ce5429502e35d8
2024-01-27 14:15:00,PETR4,CAT1_Empresa,GDELT,Petrobras,Lula usou amizade com Emílio Odebrecht para tentar brecar CPI da Braskem,Lula usou amizade com Emílio Odebrecht para tentar brecar CPI da Braskem,https://veja.abril.com.br/politica/lula-usou-amizade-com-emilio-odebrecht-para-tentar-brecar-cpi-da-braskem/,veja.abril.com.br,Portuguese,236544ea44a397f0964e5fbfb7a9790f6818d428736921bc6ebb84f315ae2f1d
2024-01-27 14:00:00,PETR4,CAT1_Empresa,GDELT,Petrobras,"Aéreas brasileiras receberam R$ 7 , 59 bi em benefícios fiscais | Economia","Aéreas brasileiras receberam R$ 7 , 59 bi em benefícios fiscais | Economia",https://www.meionorte.com/noticias/economia/empresas-aereas-brasileiras-receberam-r-7-59-bilhoes-em-beneficios-fiscais-489524,meionorte.com,Portuguese,3ace0e4f80f1ed9fe29dedbaf6c2ff723908d39c853d0802946c3c8f1e31a3ad
2024-01-27 12:45:00,PETR4,CAT1_Empresa,GDELT,Petrobras,"Prestes a receber socorro , companhias aéreas têm R$ 7 , 6 bi em benefícios fiscais","Prestes a receber socorro , companhias aéreas têm R$ 7 , 6 bi em benefícios fiscais",https://jornaldebrasilia.com.br/noticias/economia/prestes-a-receber-socorro-companhias-aereas-tem-r-7-6-bi-em-beneficios-fiscais/,jornaldebrasilia.com.br,Portuguese,339eedbd4813613f2b8f77b5b349aa981d4068ed087d9dc4e06e95b203a54c64
2024-01-27 10:30:00,PETR4,CAT1_Empresa,GDELT,Petrobras,"Para os amigos , tudo","Para os amigos , tudo",https://oglobo.globo.com/opiniao/carlos-alberto-sardenberg/coluna/2024/01/para-os-amigos-tudo.ghtml,oglobo.globo.com,Portuguese,d1599de6fa0ab5a17b3e36385c955ca948445c4264510c48164b99c26a84eccd
2024-01-27 08:45:00,PETR4,CAT1_Empresa,GDELT,Petrobras,Suspensos os direitos políticos do 1º vice - presidente da Câmara de Macaé,Suspensos os direitos políticos do 1º vice - presidente da Câmara de Macaé,https://avozdaserra.com.br/noticias/suspensos-os-direitos-politicos-do-1o-vice-presidente-da-camara-de-macae,avozdaserra.com.br,Portuguese,6931aa05b4f9fa83fb71461221b1904352fec57f7babf754ff53426f96fd2d78
2024-01-27 07:15:00,PETR4,CAT1_Empresa,GDELT,Petrobras,Petrobras conclui primeira perfurao de poço na Margem Equatorial,Petrobras conclui primeira perfurao de poço na Margem Equatorial,https://momentomt.com.br/politica-nacional/petrobras-conclui-primeira-perfuracao-de-poco-na-margem-equatorial/,momentomt.com.br,Portuguese,a203ba1da80369bbb456e9a5bf426721cda789bea49ebfababc6eba4f3cdd036
2024-01-27 04:30:00,PETR4,CAT1_Empresa,GDELT,Petrobras,Petrobras encontra hidrocarboneto na Margem Equatorial ; viabilidade econômica ainda é inconclusiva,Petrobras encontra hidrocarboneto na Margem Equatorial ; viabilidade econômica ainda é inconclusiva,"https://www.terra.com.br/economia/petrobras-encontra-hidrocarboneto-na-margem-equatorial-viabilidade-economica-ainda-e-inconclusiva,60eaecc086f0246bd21e15c370c01a7djo4vvg0c.html",terra.com.br,Portuguese,212a436ab0491ee8e69dc7ea8c0c352262a5e5678097159ea7b471499f2b823c
2024-01-27 03:45:00,PETR4,CAT1_Empresa,GDELT,Petrobras,"CPIs , lawfare e golpe de estado |","CPIs , lawfare e golpe de estado |",https://odia.ig.com.br/opiniao/2024/01/6782329-cpis-lawfare-e-golpe-de-estado.html,odia.ig.com.br,Portuguese,47ab9b14096fd0b59d29ef79fc60af82ec3b0ff155ae773e58159d50b7df05ee
2024-01-27 02:30:00,PETR4,CAT1_Empresa,GDELT,Petrobras,"Petrobras encontra petróleo no RN , mas não sabe se explorao é viável","Petrobras encontra petróleo no RN , mas não sabe se explorao é viável",https://www.otempo.com.br/economia/petrobras-encontra-petroleo-no-rn-mas-nao-sabe-se-exploracao-e-viavel-1.3319531,otempo.com.br,Portuguese,87065164487fe432e14cbb62b7bfe1f84a51fe8913a78cecc562bf6984136ca8
2024-01-27 02:30:00,PETR4,CAT1_Empresa,GDELT,Petrobras,Margem Equatorial : Petrobras conclui perfurao de poço no litoral do RN,Margem Equatorial : Petrobras conclui perfurao de poço no litoral do RN,https://www.gazetadopovo.com.br/energia/margem-equatorial-petrobras-conclui-perfuracao-de-poco-no-litoral-do-rn/,gazetadopovo.com.br,Portuguese,a6accfbd1a12e47ff8ed7fe315302ef96d08c49a4957ffeb87ad814689a40bec
2024-01-27 01:45:00,PETR4,CAT1_Empresa,GDELT,Petrobras,"Petrobras conclui perfurao na Margem Equatorial , mas ainda desconhece sua viabilidade econômica","Petrobras conclui perfurao na Margem Equatorial , mas ainda desconhece sua viabilidade econômica",https://www.estadao.com.br/economia/petrobras-conclui-perfuracao-margem-equatorial/,estadao.com.br,Portuguese,52bbe330c8bd7ba6ee4f08a18690575b98200ea4fc37109dfa848e043ac90118
2024-01-27 01:45:00,PETR4,CAT1_Empresa,GDELT,Petrobras,"Petrobras encontra petróleo na margem equatorial , mas não sabe se explorao é viável","Petrobras encontra petróleo na margem equatorial , mas não sabe se explorao é viável",https://www.acessa.com/economia/2024/01/200116-petrobras-encontra-petroleo-na-margem-equatorial-mas-nao-sabe-se-exploracao-e-viavel.html,acessa.com,Portuguese,b5e5353a2e0c2e86b96836ef85737aa3e9d08f0cbd86f662f5b0f2610f8318b0
2024-01-27 01:45:00,PETR4,CAT1_Empresa,GDELT,Petrobras,Petrobrás conclui primeira perfurao de poço exploratório na Margem Equatorial,Petrobrás conclui primeira perfurao de poço exploratório na Margem Equatorial,https://www.brasil247.com:443/economia/petrobras-conclui-primeira-perfuracao-de-poco-exploratorio-na-margem-equatorial,brasil247.com,Portuguese,358db7705acbbd6147504d6995ee00dd3707e350231083cff94194dbd2103ef1
2024-01-27 01:45:00,PETR4,CAT1_Empresa,GDELT,Petrobras,Petrobras conclui perfurao na Margem Equatorial ; viabilidade econômica ainda é estudada – CartaCapital,Petrobras conclui perfurao na Margem Equatorial ; viabilidade econômica ainda é estudada – CartaCapital,https://www.cartacapital.com.br/carta-capital/petrobras-conclui-perfuracao-na-margem-equatorial-viabilidade-economica-ainda-e-estudada/,cartacapital.com.br,Portuguese,9dacc64c3120cb2f41166929e78577e83e34b67d654b74c9970d5c781170d7d5
2024-01-27 01:45:00,PETR4,CAT1_Empresa,GDELT,Petrobras,"Ibovespa fecha em alta de 0 , 62 %, com ajuda de Vale e Pretrobras","Ibovespa fecha em alta de 0 , 62 %, com ajuda de Vale e Pretrobras",https://investimentosenoticias.com.br/bolsa-de-valores/ibovespa-fecha-em-alta-de-062-com-ajuda-de-vale-e-pretrobras/,investimentosenoticias.com.br,Portuguese,ffb80357551deb81096121ef11bc9fdaaa997405d528af67c17c11d1544f8698
2024-01-27 01:45:00,PETR4,CAT1_Empresa,GDELT,Petrobras,"Petrobrás bate recorde e valor de mercado vai a R$ 525 , 6 bilhões .  O patrimônio do povo voltar a ser valorizado , diz Gleisi","Petrobrás bate recorde e valor de mercado vai a R$ 525 , 6 bilhões .  O patrimônio do povo voltar a ser valorizado , diz Gleisi",https://www.brasil247.com:443/economia/petrobras-bate-recorde-e-valor-de-mercado-vai-a-r-525-6-bilhoes-o-patrimonio-do-povo-voltar-a-ser-valorizado-diz-gleisi,brasil247.com,Portuguese,186fff3207a3caf5ae03f94d63b392aa1b30ce78f92159db01757c0694efb8ed
2024-01-27 01:30:00,PETR4,CAT1_Empresa,GDELT,Petrobras,PETROBRÁS ENCONTRA INDÍCIOS DE HIDROCARBONETOS NA MARGEM EQUATORIAL E SE PREPARA PARA PERFURAR NOVO POÇO,PETROBRÁS ENCONTRA INDÍCIOS DE HIDROCARBONETOS NA MARGEM EQUATORIAL E SE PREPARA PARA PERFURAR NOVO POÇO,https://petronoticias.com.br/petrobras-encontra-indicios-de-hidrocarbonetos-na-margem-equatorial-e-prepara-novo-poco/,petronoticias.com.br,Portuguese,661b04bbc71f8fbc4f691f0f39df3791d0070dc911eb53522cfbf427925e8cf7
2024-01-27 01:00:00,PETR4,CAT1_Empresa,GDELT,Petrobras,"Petrobras atinge recorde no valor de mercado e chega a R$ 525 , 6 bilhões","Petrobras atinge recorde no valor de mercado e chega a R$ 525 , 6 bilhões",https://www.cartacapital.com.br/economia/petrobras-atinge-recorde-no-valor-de-mercado-e-chega-a-r-5256-bilhoes/,cartacapital.com.br,Portuguese,56e2d274b43e8c47937331eb611318618b7d58634120a7b52167c7782fddafb8
2024-01-27 00:15:00,PETR4,CAT1_Empresa,GDELT,Petrobras,Equilíbrio entre Lula e o mercado e abalos na governança : como foi o 1º ano de Prates na Petrobras,Equilíbrio entre Lula e o mercado e abalos na governança : como foi o 1º ano de Prates na Petrobras,"https://www.terra.com.br/economia/equilibrio-entre-lula-e-o-mercado-e-abalos-na-governanca-como-foi-o-1-ano-de-prates-na-petrobras,66575288c91f60b93e100530ec1269b6qe9bil24.html",terra.com.br,Portuguese,f872bdaf611076dd9dcff0cbc82a5b97bbb8246859fcfafae0dbe835892ac6bf
2024-01-27 00:15:00,PETR4,CAT1_Empresa,GDELT,Petrobras,"Petrobras registra reservas provadas de 10 , 9 bi de boe no fim de 2023","Petrobras registra reservas provadas de 10 , 9 bi de boe no fim de 2023","https://www.terra.com.br/economia/petrobras-registra-reservas-provadas-de-109-bi-de-boe-no-fim-de-2023,dee49a441f9716dab4059b9334031dd0dulytfk5.html",terra.com.br,Portuguese,175af36e8bcdb52a74bc8e7cc4e44861ed1f3f9406b2bc937244046482fdba9d
2024-01-26 23:00:00,PETR4,CAT1_Empresa,GDELT,Petrobras,"Produo de óleo e gás da Petrobras sobe 3 , 7 % em 2023 , a 2 , 78 mi boed","Produo de óleo e gás da Petrobras sobe 3 , 7 % em 2023 , a 2 , 78 mi boed",https://economia.uol.com.br/noticias/reuters/2024/01/26/producao-de-oleo-e-gas-da-petrobras-sobe-37-em-2023-a-278-mi-boed-e-atinge-meta.htm,economia.uol.com.br,Portuguese,c44a354b68cc575efed12a3c79a9640b3ba88715a40db675cdf27acc278c9f37
2024-01-26 23:00:00,PETR4,CAT1_Empresa,GDELT,Petrobras,Socioambiental _ – Viva Rio,Socioambiental _ – Viva Rio,https://vivario.org.br/relacao-com-a-natureza_/,vivario.org.br,Portuguese,16850d27f9e1e2121e47b02fb8a95406a0515aecf8bf7744b375bc97eaec7c30
2024-01-26 22:45:00,PETR4,CAT1_Empresa,GDELT,Petrobras,Petrobras nomeia advogado para Conselho de Administrao | Economia,Petrobras nomeia advogado para Conselho de Administrao | Economia,https://odia.ig.com.br/economia/2024/01/6782369-petrobras-nomeia-advogado-para-conselho-de-administracao.html,odia.ig.com.br,Portuguese,7c68b97df8e601c4c50ecab14555a452f26a946892252e1e0933d1338b69467c
2024-01-26 22:45:00,PETR4,CAT1_Empresa,GDELT,Petrobras,Ministro sobre tentativa de emplacar Mantega na Vale : Lula nunca iria interferir | Economia,Ministro sobre tentativa de emplacar Mantega na Vale : Lula nunca iria interferir | Economia,https://odia.ig.com.br/economia/2024/01/6782336-ministro-sobre-tentativa-de-emplacar-mantega-na-vale-lula-nunca-iria-interferir.html,odia.ig.com.br,Portuguese,f7fe35648f873f4559095ce42d10f8d5ba83e7f5a6b2171fb3c244d830c58985
2024-01-26 22:30:00,PETR4,CAT1_Empresa,GDELT,Petrobras,Ibovespa fecha em alta apoiado em blue chips e assegura 1º ganho semanal do ano,Ibovespa fecha em alta apoiado em blue chips e assegura 1º ganho semanal do ano,https://diariodocomercio.com.br/economia/ibovespa-alta-blue-chips-ganho-semanal/,diariodocomercio.com.br,Portuguese,2bc3499dd25b8835c4ddb7aaeca0c3c66ee811c25c5e91099dff43edc215c390
2024-01-26 22:15:00,PETR4,CAT1_Empresa,GDELT,Petrobras,"Ibovespa sobe 0 , 62 %, perto dos 129 mil , e termina semana com ganho de 1 , 04 % - 26 / 01 / 2024","Ibovespa sobe 0 , 62 %, perto dos 129 mil , e termina semana com ganho de 1 , 04 % - 26 / 01 / 2024",https://www.dgabc.com.br/Noticia/4097979/ibovespa-sobe-0-62-perto-dos-129-mil-e-termina-semana-com-ganho-de-1-04,dgabc.com.br,Portuguese,63496f4e629ff09d5fee62b10f5dd97d1e7b0dfcc60acb49c8550ba7884341d6
2024-01-26 22:15:00,PETR4,CAT1_Empresa,GDELT,Petrobras,Petrobras nomeia advogado para Conselho de Administrao,Petrobras nomeia advogado para Conselho de Administrao,https://www.jornaldeuberaba.com.br/noticia/73049/petrobras-nomeia-advogado-para-conselho-de-administracao,jornaldeuberaba.com.br,Portuguese,9c62db79e60a189370113180eacbd96aaff209a27bdb7d85731c71d43b78fd42
2024-01-26 21:45:00,PETR4,CAT1_Empresa,GDELT,Petrobras,Ministro nega que houve tentativa para emplacar Mantega na Vale,Ministro nega que houve tentativa para emplacar Mantega na Vale,https://economia.uol.com.br/noticias/estadao-conteudo/2024/01/26/ministro-sobre-tentativa-de-emplacar-mantega-na-vale-lula-nunca-iria-interferir.htm,economia.uol.com.br,Portuguese,45f16b39c3f5e9536f8275e4e882f89d2b88af348b7ca51631c6816ef3ac9e5e
2024-01-26 21:45:00,PETR4,CAT1_Empresa,GDELT,Petrobras,"Empresas aéreas ganharam R$ 6 , 5 bilhões em renúncia fiscal em 2021 | Economia","Empresas aéreas ganharam R$ 6 , 5 bilhões em renúncia fiscal em 2021 | Economia",https://odia.ig.com.br/economia/2024/01/6782280-empresas-aereas-ganharam-rs-65-bilhoes-em-renuncia-fiscal-em-2021.html,odia.ig.com.br,Portuguese,aa6462941ef9073e24cd1ad7acb74fb9368fb2fa714bc72e54a14de1bed32aae
2024-01-26 21:15:00,PETR4,CAT1_Empresa,GDELT,Petrobras,RENATO GALUPPO É NOMEADO MEMBRO DO CONSELHO DE ADMINISTRAO DA PETROBRÁS,RENATO GALUPPO É NOMEADO MEMBRO DO CONSELHO DE ADMINISTRAO DA PETROBRÁS,https://petronoticias.com.br/renato-galuppo-e-eleito-membro-do-conselho-de-administracao-da-petrobras/,petronoticias.com.br,Portuguese,3064eb40974ee2d5eadc47afb18d48d0355a6291f94f997d7b45f45e0fc741c6
2024-01-26 21:15:00,PETR4,CAT1_Empresa,GDELT,Petrobras,Governo nega inteno de ter Guido Mantega no comando da Vale,Governo nega inteno de ter Guido Mantega no comando da Vale,https://www.correiobraziliense.com.br/economia/2024/01/6793317-governo-nega-intencao-de-ter-guido-mantega-no-comando-da-vale.html,correiobraziliense.com.br,Portuguese,6b50061fdba546fcc103f323d7c411c26c53f7d93f54cb29e682d9c74453af49
2024-01-26 21:00:00,PETR4,CAT1_Empresa,GDELT,Petrobras,Ministro sobre tentativa de emplacar Mantega na Vale : Lula nunca iria interferir,Ministro sobre tentativa de emplacar Mantega na Vale : Lula nunca iria interferir,https://www.bemparana.com.br/noticias/economia/ministro-sobre-tentativa-de-emplacar-mantega-na-vale-lula-nunca-iria-interferir/,bemparana.com.br,Portuguese,fb1515a503bdef7e436f3338f46088d392cf0d05a7929b9ec81a6ac700c5ffc0
2024-01-26 20:45:00,PETR4,CAT1_Empresa,GDELT,Petrobras,"Empresas aéreas ganharam R$ 6 , 5 bilhões em renúncia fiscal em 2021","Empresas aéreas ganharam R$ 6 , 5 bilhões em renúncia fiscal em 2021",https://epocanegocios.globo.com/empresas/noticia/2024/01/empresas-aereas-ganharam-r-65-bilhoes-em-renuncia-fiscal-em-2021.ghtml,epocanegocios.globo.com,Portuguese,35b1de6ffa9ec5fe8f608723e0779b7ebe61cf120b7dbddbd7eb3b16a6a33e58
2024-01-26 20:45:00,PETR4,CAT1_Empresa,GDELT,Petrobras,"Filiao partidária : o eleitor arredio !, por Manoel Afonso","Filiao partidária : o eleitor arredio !, por Manoel Afonso",https://www.diariodigital.com.br/diario-influencia/comportamento/filiacao-partidaria-o-eleitor-arredio-por-manoel-afonso,diariodigital.com.br,Portuguese,092b8207dfee3b87377e388eeb8fd1c00736b2d67e67eefc6091cbf096b31e1a
2024-01-26 20:30:00,PETR4,CAT1_Empresa,GDELT,Petrobras,Ministro sobre tentativa de emplacar Mantega na Vale : Lula nunca iria interferir - 26 / 01 / 2024,Ministro sobre tentativa de emplacar Mantega na Vale : Lula nunca iria interferir - 26 / 01 / 2024,https://www.dgabc.com.br/Noticia/4097965/ministro-sobre-tentativa-de-emplacar-mantega-na-vale-lula-nunca-iria-interferir,dgabc.com.br,Portuguese,8ec25847cbd246efb717e4f179f0f759406a2b033712c2a2b98519c6fb24b0c6
2024-01-26 20:30:00,PETR4,CAT1_Empresa,GDELT,Petrobras,"Empresas aéreas ganharam R$ 6 , 5 bilhões em renúncia fiscal em 2021 - 26 / 01 / 2024","Empresas aéreas ganharam R$ 6 , 5 bilhões em renúncia fiscal em 2021 - 26 / 01 / 2024",https://www.dgabc.com.br/Noticia/4097945/empresas-aereas-ganharam-r-6-5-bilhoes-em-renuncia-fiscal-em-2021,dgabc.com.br,Portuguese,6081ab3482fd00e7720abce4ba89a5ccabda97bfda4534e6a4408974a7e12a2d
2024-01-26 19:45:00,PETR4,CAT1_Empresa,GDELT,Petrobras,"Aéreas ganharam R$ 6 , 5 bi em renúncia fiscal","Aéreas ganharam R$ 6 , 5 bi em renúncia fiscal",https://jornaldebrasilia.com.br/noticias/economia/empresas-aereas-ganharam-r-65-bilhoes-em-renuncia-fiscal-em-2021/,jornaldebrasilia.com.br,Portuguese,7e0ba810e1f2e5e8ade782a4ee5fba638a9adbd290923c30acd958ae298578d3
2024-01-26 19:30:00,PETR4,CAT1_Empresa,GDELT,Petrobras,URGENTE : Saiba como evitar fraudes com suas informaes depois do maior vazamento de dados da história,URGENTE : Saiba como evitar fraudes com suas informaes depois do maior vazamento de dados da história,https://www.jornalagora.com.br/urgente-saiba-como-evitar-fraudes-com-suas-informacoes-depois-do-maior-vazamento-de-dados-da-historia/,jornalagora.com.br,Portuguese,2f80581c55cb32b789a56970c61cd3c83bc20118eebf9ea121292fc484d7ba3a
2024-01-26 18:30:00,PETR4,CAT1_Empresa,GDELT,Petrobras,Petroleiros cobram medidas urgentes de segurança da Petrobras após acidente na Rnest,Petroleiros cobram medidas urgentes de segurança da Petrobras após acidente na Rnest,https://www.acritica.net/editorias/economia/petroleiros-cobram-medidas-urgentes-de-seguranca-da-petrobras-apos-aci/715408/,acritica.net,Portuguese,e2d82324eefcc0d40121de79a963a4a61cb0c197e13c0833ebdeb09693dd73e6
2024-01-26 18:00:00,PETR4,CAT1_Empresa,GDELT,Petrobras,Principais companhias aéreas do país estão entre as que mais se beneficiaram de renúncia fiscal,Principais companhias aéreas do país estão entre as que mais se beneficiaram de renúncia fiscal,https://cbn.globo.com/politica/noticia/2024/01/26/principais-companhias-aereas-do-pais-estao-entre-as-que-mais-se-beneficiaram-de-renuncia-fiscal.ghtml,cbn.globo.com,Portuguese,f7e8f2bc98380d5efe1e2e584eb6cd0e58950ed6b135ec37b7db7c4472c7df0f
2024-01-26 17:30:00,PETR4,CAT1_Empresa,GDELT,Petrobras,3R Petroleum tenta silenciar jornalista sobre privatizao de campos da Petrobrás no Rio Grande do Norte - Jailton Andrade,3R Petroleum tenta silenciar jornalista sobre privatizao de campos da Petrobrás no Rio Grande do Norte - Jailton Andrade,https://www.brasil247.com:443/blog/3r-petroleum-tenta-silenciar-jornalista-sobre-privatizacao-de-campos-da-petrobras-no-rio-grande-do-norte,brasil247.com,Portuguese,85e671476d49090e1ba3e57bfe7c35fec8747d01b660ad69e14ed19a0d8deea2
2024-01-26 16:45:00,PETR4,CAT1_Empresa,GDELT,Petrobras,MInistério da Fazenda recua sobre desconto no QAV e possível crédito para companhias aéreas,MInistério da Fazenda recua sobre desconto no QAV e possível crédito para companhias aéreas,https://www.mercadoeeventos.com.br/noticias/aviacao/ministerio-da-fazenda-recua-sobre-desconto-no-qav-e-possivel-credito-para-companhias-aereas/,mercadoeeventos.com.br,Portuguese,885c9dc43be84f023e2494211f465d51dd61c8b5d9458ee4c98ba90ab7b12d02
2024-01-26 14:45:00,PETR4,CAT1_Empresa,GDELT,Petrobras,"Empresas aéreas obtiveram R$ 6 , 5 bilhões em renúncia fiscal em 2021","Empresas aéreas obtiveram R$ 6 , 5 bilhões em renúncia fiscal em 2021",https://oglobo.globo.com/blogs/capital/post/2024/01/empresas-aereas-obtiveram-r-65-bilhoes-em-renuncia-fiscal-em-2021.ghtml,oglobo.globo.com,Portuguese,1ba52eade3ae064fa2c0f591ba1be29d7ac9ea12d73603bb8c1e48c30b0b9899
2024-01-26 13:30:00,PETR4,CAT1_Empresa,GDELT,Petrobras,"Preço do litro gasolina aumenta R$ 0 , 15 na refinaria do RN","Preço do litro gasolina aumenta R$ 0 , 15 na refinaria do RN",https://g1.globo.com/rn/rio-grande-do-norte/noticia/2024/01/26/preco-do-litro-gasolina-aumenta-r-015-na-refinaria-do-rn.ghtml,g1.globo.com,Portuguese,43fa321b5e1f4a0a87b4f267563b4a6c5804c550fdb1273617ca04b0270fd281
2024-01-26 13:30:00,PETR4,CAT1_Empresa,GDELT,Petrobras,Brasil perde investimentos em petróleo e gás,Brasil perde investimentos em petróleo e gás,https://www.acritica.net/editorias/economia/brasil-perde-investimentos-em-petroleo-e-gas/715334/,acritica.net,Portuguese,77a7e37aaf63788174601e2db15b8ed28b13ba3d964143193e1715145ec8605e
2024-01-26 13:00:00,PETR4,CAT1_Empresa,GDELT,Petrobras,Governo Lula ataca Vale para forçar Guido Mantega no comando da empresa,Governo Lula ataca Vale para forçar Guido Mantega no comando da empresa,https://jc.ne10.uol.com.br/colunas/jc-negocios/2024/01/15663426-governo-lula-ataca-vale-para-forcar-guido-mantega-no-comando-da-empresa.html,jc.ne10.uol.com.br,Portuguese,d5d855f0451a725f8e56aa1c7cd7d2bc499371eca32cd6e6a50e56706b6b2123
2024-01-26 12:45:00,PETR4,CAT1_Empresa,GDELT,Petrobras,Ex - secretário municipal de Santa Cruz morre aos 79 anos,Ex - secretário municipal de Santa Cruz morre aos 79 anos,https://www.gaz.com.br/ex-secretario-municipal-de-santa-cruz-morre-aos-79-anos/,gaz.com.br,Portuguese,f9c8dd0937e4582be66633ac322405e5bccfebc73b3aca6a29a33a61873c09c5
2024-01-26 12:45:00,PETR4,CAT1_Empresa,GDELT,Petrobras,Petrobras e Vale lideram lista de R$215 bi em benefícios fiscais,Petrobras e Vale lideram lista de R$215 bi em benefícios fiscais,https://diariodocomercio.com.br/economia/petrobras-vale-bilhoes-beneficios-fiscais/,diariodocomercio.com.br,Portuguese,eb512dcc72332ce601662c66769b2470703a77917a3751968a05cabc9b808e18
2024-01-26 09:00:00,PETR4,CAT1_Empresa,GDELT,Petrobras,Governo criará fundo de até R$ 6 bi para socorrer aéreas,Governo criará fundo de até R$ 6 bi para socorrer aéreas,https://www.jornalcruzeiro.com.br/geral/economia/2024/01/728080-governo-criara-fundo-de-ate-rs-6-bi-para-socorrer-aereas.html,jornalcruzeiro.com.br,Portuguese,ee75c1728df66a6a6b6cc8de1d9dce8a7019dd7d749832a18438d04660508a2a
2024-01-26 08:45:00,PETR4,CAT1_Empresa,GDELT,Petrobras,Benefícios que a Vale recebeu em 2021 ultrapassam o que falta pagar de acordo judicial por Brumadinho,Benefícios que a Vale recebeu em 2021 ultrapassam o que falta pagar de acordo judicial por Brumadinho,https://noticias.r7.com/brasilia/beneficios-que-a-vale-recebeu-em-2021-ultrapassam-o-que-falta-pagar-de-acordo-judicial-por-brumadinho-26012024,noticias.r7.com,Portuguese,09dc3cde9307f49f374238eb166188f2538718c5fb36347084939fb90e625133
2024-01-26 06:30:00,PETR4,CAT1_Empresa,GDELT,Petrobras,Às favas a boa governança,Às favas a boa governança,https://www.estadao.com.br/opiniao/as-favas-a-boa-governanca/,estadao.com.br,Portuguese,24c00f1f798c20da24dc40dafb0f10de7481caa18a9d92db1b17b12c646412a6
2024-01-26 03:15:00,PETR4,CAT1_Empresa,GDELT,Petrobras,Petrobras mantém Ibovespa em alta apesar de queda da Vale,Petrobras mantém Ibovespa em alta apesar de queda da Vale,https://diariodocomercio.com.br/economia/petrobras-ibovespa-alta-queda-vale/,diariodocomercio.com.br,Portuguese,1f389ae8a4dad009f2c93c026db17ba7aa991602bbf776b9fa34c1a6e4f753d1
2024-01-26 02:15:00,PETR4,CAT1_Empresa,GDELT,Petrobras,Explosão em refinaria no litoral sul de Pernambuco deixa quatro pessoas feridas - Pernambuco,Explosão em refinaria no litoral sul de Pernambuco deixa quatro pessoas feridas - Pernambuco,https://diariodonordeste.verdesmares.com.br:443/ultima-hora/pe/explosao-em-refinaria-no-litoral-sul-de-pernambuco-deixa-quatro-pessoas-feridas-1.3471414,diariodonordeste.verdesmares.com.br,Portuguese,a89e1a174e70d6e2642dd8929d028ae92524e44ae4771aac337ed7bc6f105b0b
2024-01-26 02:15:00,PETR4,CAT1_Empresa,GDELT,Petrobras,Explosão em tanque da refinaria Abreu e Lima deixa quatro feridos em PE,Explosão em tanque da refinaria Abreu e Lima deixa quatro feridos em PE,https://www.correiobraziliense.com.br/brasil/2024/01/6792881-explosao-em-tanque-da-refinaria-abreu-e-lima-deixa-quatro-feridos-em-pe.html,correiobraziliense.com.br,Portuguese,52ce4726ec8a4d547daa263f903ff1beda28a1097faaa290732ec0d653309037
2024-01-26 01:30:00,PETR4,CAT1_Empresa,GDELT,Petrobras,Refinaria da Petrobras que receberá investimento bilionário tem acidente com quatro feridos,Refinaria da Petrobras que receberá investimento bilionário tem acidente com quatro feridos,"https://www.terra.com.br/economia/refinaria-da-petrobras-que-recebera-investimento-bilionario-tem-acidente-com-quatro-feridos,e264f0274983ef279222b5c8d69359aeqeyv40fq.html",terra.com.br,Portuguese,45637184c98b83e6da565a6edd058ec66e10ccd34ab6c87353d95db4dc37706b
2024-01-26 01:30:00,PETR4,CAT1_Empresa,GDELT,Petrobras,"Ibovespa fecha em alta , aos 128 mil pontos ; Petrobras ( PETR4 ) sobe , Vale ( VALE3 ) tomba e Gol ( GOLL4 ) recua","Ibovespa fecha em alta , aos 128 mil pontos ; Petrobras ( PETR4 ) sobe , Vale ( VALE3 ) tomba e Gol ( GOLL4 ) recua","https://www.terra.com.br/economia/ibovespa-fecha-em-alta-aos-128-mil-pontos-petrobras-petr4-sobe-vale-vale3-tomba-e-gol-goll4-recua,2a67bdfecef440c65ff53237b1cf5b6b4orvev5w.html",terra.com.br,Portuguese,c685fd26f089d5016a21f36d4092b5d384172aa4b50e7ce1860d44c9aee9db52
2024-01-26 01:30:00,PETR4,CAT1_Empresa,GDELT,Petrobras,Tanque da Refinaria Abreu e Lima explode e deixa trabalhadores feridos ; veja vídeo,Tanque da Refinaria Abreu e Lima explode e deixa trabalhadores feridos ; veja vídeo,https://exame.com/brasil/tanque-da-refinaria-abreu-e-lima-explode-e-deixa-trabalhadores-feridos/,exame.com,Portuguese,d53e0bed0b7111fff7c00848e7228c0e8c84bafe9accfb5f59adb12d2398da2c
2024-01-26 01:30:00,PETR4,CAT1_Empresa,GDELT,Petrobras,Petrobras mantém Ibovespa acima de 128 mil pontos apesar de queda da Vale,Petrobras mantém Ibovespa acima de 128 mil pontos apesar de queda da Vale,"https://www.terra.com.br/economia/petrobras-mantem-ibovespa-acima-de-128-mil-pontos-apesar-de-queda-da-vale,ad06776742b92a72a526cbb45a3f77bfbxt5182q.html",terra.com.br,Portuguese,fe7c24e222c83cb30897a774bd15396134e1323c61acd50e3b1ccf1c06f03adb
2024-01-26 01:30:00,PETR4,CAT1_Empresa,GDELT,Petrobras,"Durmo mais tranquilo com a Petrobras na carteira , afirma gestor da Claritas","Durmo mais tranquilo com a Petrobras na carteira , afirma gestor da Claritas",https://exame.com/invest/mercados/durmo-mais-tranquilo-com-a-petrobras-na-carteira-afirma-gestor-da-claritas/,exame.com,Portuguese,768f65d2f1d917f8579fdab84e3dce7220585ba71c1ea869bd2d65fa4bead49f
2024-01-26 01:15:00,PETR4,CAT1_Empresa,GDELT,Petrobras,Petrobras ( PETR3 ; PETR4 ) dispara com petróleo e visão positiva reiterada para as aes,Petrobras ( PETR3 ; PETR4 ) dispara com petróleo e visão positiva reiterada para as aes,https://www.infomoney.com.br/mercados/petrobras-petr3petr4-sobe-mais-de-2-com-petroleo-e-visao-positiva-reiterada-para-acoes/,infomoney.com.br,Portuguese,56d243fe7dfc8b4fec696e055346040c73e2a0760a320757e88b6fc41d426350
2024-01-26 01:15:00,PETR4,CAT1_Empresa,GDELT,Petrobras,"Ibovespa sobe 0 , 28 %, com Petrobras ( PETR4 ) minimizando perdas da Vale ( VALE3 ); dólar recua","Ibovespa sobe 0 , 28 %, com Petrobras ( PETR4 ) minimizando perdas da Vale ( VALE3 ); dólar recua",https://www.infomoney.com.br/mercados/ibovespa-sobe-028-com-petrobras-petr4-minimizando-perdas-da-vale-vale3-dolar-recua/,infomoney.com.br,Portuguese,aafb4a2f2ac95fe2e56d3eb0e609bb056880b9a62cc6b333bf7eb95e6ca0a300
2024-01-26 01:00:00,PETR4,CAT1_Empresa,GDELT,Petrobras,MP - RJ pede apurao sobre omissões de informaes de árbitro da venda da Eldorado,MP - RJ pede apurao sobre omissões de informaes de árbitro da venda da Eldorado,https://www.conjur.com.br/2024-jan-25/mp-rj-pede-apuracao-sobre-omissoes-de-informacoes-de-arbitro-da-venda-da-eldorado/,conjur.com.br,Portuguese,f1e2b2ea8a1cccb74da1b57c9c88d4c79c0b1accfd132314a7016413e2c36095
2024-01-26 00:45:00,PETR4,CAT1_Empresa,GDELT,Petrobras,Explosão na Refinaria Abreu e Lima deixa trabalhadores feridos em Pernambuco - Alagoas 24 Horas : Líder em Notícias On - line de Alagoas,Explosão na Refinaria Abreu e Lima deixa trabalhadores feridos em Pernambuco - Alagoas 24 Horas : Líder em Notícias On - line de Alagoas,https://www.alagoas24horas.com.br/1572861/explosao-na-refinaria-abreu-e-lima-deixa-trabalhadores-feridos/,alagoas24horas.com.br,Portuguese,491fb5a66dd940fdaecae60d15255d05fcd89ed85dfb2d8f526db9be5ccd03fa
2024-01-26 00:45:00,PETR4,CAT1_Empresa,GDELT,Petrobras,Acidente em refinaria de Pernambuco deixa quatro trabalhadores feridos,Acidente em refinaria de Pernambuco deixa quatro trabalhadores feridos,https://agenciabrasil.ebc.com.br/geral/noticia/2024-01/acidente-e-refinaria-de-pernambuco-deixa-quatro-trabalhadores-feridos,agenciabrasil.ebc.com.br,Portuguese,332665da4114534885d5d473bf6f021f3fc86fb99f4684b08ff36ba8c951e60e
2024-01-26 00:15:00,PETR4,CAT1_Empresa,GDELT,Petrobras,"Com Petrobras , Ibovespa resiste à queda da Vale e sobe 0 , 28 %, aos 128 , 1 mil","Com Petrobras , Ibovespa resiste à queda da Vale e sobe 0 , 28 %, aos 128 , 1 mil",https://www.jornaldocomercio.com/economia/2024/01/1140578-com-petrobras-ibovespa-resiste-a-queda-da-vale-e-sobe-028-aos-1281-mil.html,jornaldocomercio.com,Portuguese,6f4488690f5f7d1ce1e7a6b82bc1a5e514fa67db0c58cd9d5986e0df0e6fab52
2024-01-26 00:15:00,PETR4,CAT1_Empresa,GDELT,Petrobras,Acidente em refinaria de Pernambuco deixa quatro trabalhadores feridos | Brasil,Acidente em refinaria de Pernambuco deixa quatro trabalhadores feridos | Brasil,https://odia.ig.com.br/brasil/2024/01/6781762-acidente-em-refinaria-de-pernambuco-deixa-quatro-trabalhadores-feridos.html,odia.ig.com.br,Portuguese,b882a3ecee0450f6b11f7d8a52f792bf2a8cd624ab7fdab4dbd64f71a862456e
2024-01-26 00:00:00,PETR4,CAT1_Empresa,GDELT,Petrobras,Explosão na Refinaria Abreu e Lima deixa quatro feridos | Notícias,Explosão na Refinaria Abreu e Lima deixa quatro feridos | Notícias,https://www.meionorte.com/noticias/explosao-em-tanque-de-petroleo-na-refinaria-abreu-e-lima-deixa-quatro-feridos-489433,meionorte.com,Portuguese,7fba8a62e3925defd81951e24526083ec7f80bfc7247181be70c4495ae34a1fd
2024-01-25 23:00:00,PETR4,CAT1_Empresa,GDELT,Petrobras,Silveira ganha pontos com Lula ao assumir missão de  reabilitar  Mantega,Silveira ganha pontos com Lula ao assumir missão de  reabilitar  Mantega,https://www.estadao.com.br/politica/coluna-do-estadao/silveira-ganha-pontos-com-lula-ao-assumir-missao-de-reabilitar-mantega/,estadao.com.br,Portuguese,1ebc15ee6a4fe5758719e634678ea7a9ff615f79dab16dfb7dcd75d0b04b1daa
2024-01-25 23:00:00,PETR4,CAT1_Empresa,GDELT,Petrobras,Explosão na Refinaria Abreu e Lima da Petrobras deixa quatro feridos,Explosão na Refinaria Abreu e Lima da Petrobras deixa quatro feridos,https://oglobo.globo.com/economia/negocios/noticia/2024/01/25/explosao-na-refinaria-abreu-e-lima-deixa-quatro-feridos.ghtml,oglobo.globo.com,Portuguese,389a9302e47146c2e117e57ae5190bc623f7ad4ff319334d28d3498a1a2ad281
2024-01-25 22:30:00,PETR4,CAT1_Empresa,GDELT,Petrobras,"Marcelo Zero : Os acionistas privados da Vale não querem investir no Brasil , o nome de Mantega é algo acessório","Marcelo Zero : Os acionistas privados da Vale não querem investir no Brasil , o nome de Mantega é algo acessório",https://www.viomundo.com.br/voce-escreve/marcelo-zero-os-acionistas-privados-da-vale-nao-querem-investir-no-brasil-o-nome-de-mantega-e-algo-acessorio.html,viomundo.com.br,Portuguese,f4067f8262ab1dfe22ee2b5894ff1dcd9e451c1208883e843e80f99ecfbe3c46
2024-01-25 22:30:00,PETR4,CAT1_Empresa,GDELT,Petrobras,"Com Petrobras , Ibovespa sobe 0 , 28 %, aos 128 , 1 mil","Com Petrobras , Ibovespa sobe 0 , 28 %, aos 128 , 1 mil",https://jornaldebrasilia.com.br/noticias/economia/com-petrobras-ibovespa-resiste-a-queda-da-vale-e-sobe-028-aos-1281-mil/,jornaldebrasilia.com.br,Portuguese,12728984c7bdeb33131ce0cd4a279e4b9950b82298c9ed8a9854d1578a650ac2
2024-01-25 22:00:00,PETR4,CAT1_Empresa,GDELT,Petrobras,"Com Petrobras , Ibovespa resiste à queda da Vale e sobe 0 , 28 %, aos 128 , 1 mil - 25 / 01 / 2024","Com Petrobras , Ibovespa resiste à queda da Vale e sobe 0 , 28 %, aos 128 , 1 mil - 25 / 01 / 2024",https://www.dgabc.com.br/Noticia/4097804/com-petrobras-ibovespa-resiste-a-queda-da-vale-e-sobe-0-28-aos-128-1-mil,dgabc.com.br,Portuguese,67e778764cf36ca2a461d1ffaf4f283ca6e28a6fede5ea2d10305c73b8d4902d
2024-01-25 22:00:00,PETR4,CAT1_Empresa,GDELT,Petrobras,Trabalhadores ficam feridos após explosão em tanque de refinaria em PE,Trabalhadores ficam feridos após explosão em tanque de refinaria em PE,https://noticias.uol.com.br/cotidiano/ultimas-noticias/2024/01/25/refinaria-pernambuco-feridos-explosao.htm,noticias.uol.com.br,Portuguese,13f4397a7782ac8a593b00ce066f10f4e4234928977f351a8cfca2bf887e4661
2024-01-25 21:15:00,PETR4,CAT1_Empresa,GDELT,Petrobras,"Ibovespa opera com leve alta e tenta segurar os 128 mil pontos ; Petrobras ( PETR4 ) sobe , Vale ( VALE3 ) tomba e Gol ( GOLL4 ) entra em leilão","Ibovespa opera com leve alta e tenta segurar os 128 mil pontos ; Petrobras ( PETR4 ) sobe , Vale ( VALE3 ) tomba e Gol ( GOLL4 ) entra em leilão","https://www.terra.com.br/economia/ibovespa-opera-com-leve-alta-e-tenta-segurar-os-128-mil-pontos-petrobras-petr4-sobe-vale-vale3-tomba-e-gol-goll4-entra-em-leilao,2a67bdfecef440c65ff53237b1cf5b6b4orvev5w.html",terra.com.br,Portuguese,0fbe1bcc8edc09d1df56a8a78bbf4d65859b3b7f580e7fd785101e6f2fa312cb
2024-01-25 21:15:00,PETR4,CAT1_Empresa,GDELT,Petrobras,"Voa Brasil , programa de passagem aérea a R$ 200 , será lançado em 5 de fevereiro","Voa Brasil , programa de passagem aérea a R$ 200 , será lançado em 5 de fevereiro",https://www.infomoney.com.br/consumo/voa-brasil-programa-de-passagem-aerea-a-r-200-sera-lancado-em-5-de-fevereiro/,infomoney.com.br,Portuguese,6ca026d565779d710cb0e24e68124e6edaa72478ee96da38964cec726b54f9db
2024-01-25 20:15:00,PETR4,CAT1_Empresa,GDELT,Petrobras,Maior vazamento de dados da história expõe brasileiros ; veja como checar,Maior vazamento de dados da história expõe brasileiros ; veja como checar,https://valor.globo.com/empresas/noticia/2024/01/25/maior-vazamento-de-dados-da-historia-atinge-brasileiros-veja-como-checar.ghtml,valor.globo.com,Portuguese,6ba4c1fb8110cb0b363639a8b3fa2cc1475eb765e09b919f54592d7164cb2a68
2024-01-25 19:15:00,PETR4,CAT1_Empresa,GDELT,Petrobras,Governo federal concedeu mais de R$ 215 bilhões em benefícios fiscais a empresas em 2021,Governo federal concedeu mais de R$ 215 bilhões em benefícios fiscais a empresas em 2021,https://noticias.r7.com/brasilia/governo-federal-concedeu-mais-de-r-215-bilhoes-em-beneficios-fiscais-a-empresas-em-2021-25012024,noticias.r7.com,Portuguese,189ddb10e24c5f6bcd2219c9c03e0ec430e84bd9858f925d057fabaa0d81f6b3
2024-01-25 18:45:00,PETR4,CAT1_Empresa,GDELT,Petrobras,Lula critica Vale por Brumadinho,Lula critica Vale por Brumadinho,https://jornaldebrasilia.com.br/noticias/politica-e-poder/lula-critica-vale-por-brumadinho-e-gleisi-defende-mantega-na-mineradora/,jornaldebrasilia.com.br,Portuguese,c573f305737e69981756ee6e217fa81de62fcd1ba4e3120497a88d4d671750de
2024-01-25 17:30:00,PETR4,CAT1_Empresa,GDELT,Petrobras,Governo criará fundo de até R$ 6 bi para socorrer aéreas e quer reduzir preço do querosene,Governo criará fundo de até R$ 6 bi para socorrer aéreas e quer reduzir preço do querosene,https://jornaldebrasilia.com.br/noticias/economia/governo-criara-fundo-de-ate-r-6-bi-para-socorrer-aereas-e-quer-reduzir-preco-do-querosene/,jornaldebrasilia.com.br,Portuguese,c9b27dcf48e95a90ae21c34e9ba508f939a1db65f7e483450f0453672c94a7af
2024-01-25 17:15:00,PETR4,CAT1_Empresa,GDELT,Petrobras,Petrobrás ganha Prêmio de Realizaes Distintas da Indústria Global Offshore,Petrobrás ganha Prêmio de Realizaes Distintas da Indústria Global Offshore,https://www.brasil247.com/brasil/petrobras-ganha-premio-de-realizacoes-distintas-da-industria-global-offshore,brasil247.com,Portuguese,ffd976be790b5de3b84de44661660616c483577ab3e60dbdaac130f7e141e0c9
2024-01-25 17:15:00,PETR4,CAT1_Empresa,GDELT,Petrobras,"Ibovespa segue exterior e sobe com PIB dos EUA ; Petrobras ( PETR4 ) avança , Grupo Soma ( SOMA3 ) lidera ganhos e Vale ( VALE3 ) cai","Ibovespa segue exterior e sobe com PIB dos EUA ; Petrobras ( PETR4 ) avança , Grupo Soma ( SOMA3 ) lidera ganhos e Vale ( VALE3 ) cai","https://www.terra.com.br/economia/ibovespa-segue-exterior-e-sobe-com-pib-dos-eua-petrobras-petr4-avanca-grupo-soma-soma3-lidera-ganhos-e-vale-vale3-cai,2a67bdfecef440c65ff53237b1cf5b6b4orvev5w.html",terra.com.br,Portuguese,ccaab591c8b174af4ae733929eca0c354a1b53f2d2ccab0748c14d48005c2d11
2024-01-25 16:30:00,PETR4,CAT1_Empresa,GDELT,Petrobras,As naes centrais têm políticas industriais . O Brasil não pode ter ? – Frente Ampla – CartaCapital,As naes centrais têm políticas industriais . O Brasil não pode ter ? – Frente Ampla – CartaCapital,https://www.cartacapital.com.br/opiniao/frente-ampla/as-nacoes-centrais-tem-politicas-industriais-o-brasil-nao-pode-ter/,cartacapital.com.br,Portuguese,87750d258d60c4ba28dbcec5de06f63b4534450fc9f437e7bb84426b456ff9f2
2024-01-25 15:15:00,PETR4,CAT1_Empresa,GDELT,Petrobras,Governo Lula pressiona para colocar Mantega na presidência da Vale,Governo Lula pressiona para colocar Mantega na presidência da Vale,https://anoticiadovale.com/2024/01/25/governo-lula-pressiona-para-colocar-mantega-na-presidencia-da-vale/,anoticiadovale.com,Portuguese,1ad883bc875d5bec83d4f81bfbd24eb6cf35334ecd1bd356ba8f31aca44b1905
2024-01-25 13:15:00,PETR4,CAT1_Empresa,GDELT,Petrobras,Danielle é a candidata a vice sonhada pelos governistas - O que é notícia em Sergipe,Danielle é a candidata a vice sonhada pelos governistas - O que é notícia em Sergipe,https://infonet.com.br/blogs/adiberto/danielle-e-a-candidata-a-vice-sonhada-pelos-governistas/,infonet.com.br,Portuguese,0fb482f9e7bd0ca28a9acb571b500e7a09fca77cb564be196a4c744b7aea09bc
2024-01-25 12:15:00,PETR4,CAT1_Empresa,GDELT,Petrobras,"Preço da gasolina sobe R$ 0 , 15 na refinaria do Rio Grande do Norte","Preço da gasolina sobe R$ 0 , 15 na refinaria do Rio Grande do Norte",https://tribunadonorte.com.br/natal/preco-da-gasolina-sobe-r-015-na-refinaria-do-rio-grande-do-norte/,tribunadonorte.com.br,Portuguese,e8f9511190a7348cd03eb62b887ef8dabfbd7e1b6d84224a019fd99368ff09e3
2024-01-25 12:15:00,PETR4,CAT1_Empresa,GDELT,Petrobras,Governo estuda fundo de até R$ 6 bilhões para financiar aéreas,Governo estuda fundo de até R$ 6 bilhões para financiar aéreas,https://interior.ne10.uol.com.br/noticias/2024/01/15663129-governo-estuda-fundo-de-ate-rs-6-bilhoes-para-financiar-aereas.html,interior.ne10.uol.com.br,Portuguese,367b01cd87a7aa2cce27dc7bb7525710ebb2a46ef9254372a4f2dcbe59e9be73
2024-01-25 12:00:00,PETR4,CAT1_Empresa,GDELT,Petrobras,"Programa Voa Brasil começa a valer no dia 5 de fevereiro , anuncia ministro","Programa Voa Brasil começa a valer no dia 5 de fevereiro , anuncia ministro",https://jmonline.com.br/politica/programa-voa-brasil-comeca-a-valer-no-dia-5-de-fevereiro-anuncia-ministro-1.347562,jmonline.com.br,Portuguese,d398564ee74c8157955a9363de6ecfbbba98688ec1059cc4b6033604845b794e
2024-01-25 11:45:00,PETR4,CAT1_Empresa,GDELT,Petrobras,Simulacros e arremedos,Simulacros e arremedos,https://oglobo.globo.com/blogs/merval-pereira/coluna/2024/01/simulacros-e-arremedos.ghtml,oglobo.globo.com,Portuguese,371fc2bb163ad54f713d9bd35dbc0a3b48f0a148c7d7248b94c8c9bd970e4aa7
2024-01-25 06:00:00,PETR4,CAT1_Empresa,GDELT,Petrobras,Juca Kfouri : A sorte de morrer no Brasil,Juca Kfouri : A sorte de morrer no Brasil,https://correiodoestado.com.br/opiniao/juca-kfouri-a-sorte-de-morrer-no-brasil/425623/,correiodoestado.com.br,Portuguese,76a16fd21bb2f7d8fc9fdb912c2ed6e82d282f5ee8848a1fc142eaf8c99fabb8
2024-01-25 02:45:00,PETR4,CAT1_Empresa,GDELT,Petrobras,BNDES Azul tem o mar como centro de estratégia de desenvolvimento | Câmara de Comércio e Indústria Japonesa do Brasil,BNDES Azul tem o mar como centro de estratégia de desenvolvimento | Câmara de Comércio e Indústria Japonesa do Brasil,https://camaradojapao.org.br/pt/2024/01/24/bndes-azul-tem-o-mar-como-centro-de-estrategia-de-desenvolvimento/,camaradojapao.org.br,Portuguese,e2ceb1e31ae3f6451337635504bcb9f02bf4da90c30b36b4331e9a2067e87996
2024-01-25 02:45:00,PETR4,CAT1_Empresa,GDELT,Petrobras,Petrobras ( PETR4 ) quer exercer direito de preferência em bloco Jaspe a ser licitado no pré - sal,Petrobras ( PETR4 ) quer exercer direito de preferência em bloco Jaspe a ser licitado no pré - sal,https://www.infomoney.com.br/mercados/petrobras-petr4-quer-exercer-direito-de-preferencia-em-bloco-jaspe-a-ser-licitado-no-pre-sal/,infomoney.com.br,Portuguese,17b31654c174241fe231cc441b4663cbe19f554e71c320efd0ce062883afa86f
2024-01-25 02:45:00,PETR4,CAT1_Empresa,GDELT,Petrobras,Governo estuda fundo de até R$ 6 bilhões para financiar aéreas | Câmara de Comércio e Indústria Japonesa do Brasil,Governo estuda fundo de até R$ 6 bilhões para financiar aéreas | Câmara de Comércio e Indústria Japonesa do Brasil,https://camaradojapao.org.br/pt/2024/01/24/governo-estuda-fundo-de-ate-r-6-bilhoes-para-financiar-aereas/,camaradojapao.org.br,Portuguese,53f575a8b36f25f34fb8eab383ad0b42ee8dbc5ee970214a6b15a5225023658f
2024-01-25 02:30:00,PETR4,CAT1_Empresa,GDELT,Petrobras,Governo terá fundo de até R$ 6 bi e quer reduzir preço do combustível para ajudar companhias aéreas,Governo terá fundo de até R$ 6 bi e quer reduzir preço do combustível para ajudar companhias aéreas,https://exame.com/economia/governo-tera-fundo-de-ate-r-6-bi-e-quer-reduzir-preco-do-combustivel-para-ajudar-companhias-aereas/,exame.com,Portuguese,7560438687611aa0c0945ff6b00cffe74e1801f584807784f422fe2125eebd2b
2024-01-25 02:30:00,PETR4,CAT1_Empresa,GDELT,Petrobras,Regulador de fundos de pensão deve discutir adesão automática em fevereiro,Regulador de fundos de pensão deve discutir adesão automática em fevereiro,https://www.estadao.com.br/economia/coluna-do-broad/regulador-de-fundos-de-pensao-deve-discutir-adesao-automatica-em-fevereiro/,estadao.com.br,Portuguese,d4e894aa0172d95a283b64ba0fdfad0deaba2ccc08ac5a103b17f2808d0fbb54
2024-01-25 02:15:00,PETR4,CAT1_Empresa,GDELT,Petrobras,BNDES quer retomar projetos de construo de navios,BNDES quer retomar projetos de construo de navios,https://jc.ne10.uol.com.br/colunas/politica-em-brasilia/2024/01/15663044-bndes-quer-retomar-projetos-de-construcao-de-navios.html,jc.ne10.uol.com.br,Portuguese,36bc5b1e344fbb8c46688a2457152232239409727bb879ee98ef51722dcc066a
2024-01-25 02:00:00,PETR4,CAT1_Empresa,GDELT,Petrobras,Governo prepara fundo de até R$ 6 bi para empresas aéreas e negocia reduo do preço do combustível,Governo prepara fundo de até R$ 6 bi para empresas aéreas e negocia reduo do preço do combustível,https://noticias.r7.com/brasilia/governo-prepara-fundo-de-ate-r-6-bi-para-empresas-aereas-e-negocia-reducao-do-preco-do-combustivel-24012024,noticias.r7.com,Portuguese,d5008dce09d6ab839f478da353700f87d11020dec4cc6f695803834c5159381a
2024-01-25 01:15:00,PETR4,CAT1_Empresa,GDELT,Petrobras,Documentário produzido por vicentino é apresentado na Mostra de Cinema de Tiradentes,Documentário produzido por vicentino é apresentado na Mostra de Cinema de Tiradentes,https://www.diariodolitoral.com.br/cultura/documentario-produzido-por-vicentino-e-apresentado-na-mostra-de-cinema/178549/,diariodolitoral.com.br,Portuguese,0dc351fac436666f55f7592c1e73d2c61af3f19c97eeb8128f6ee6c33b463357
2024-01-25 01:00:00,PETR4,CAT1_Empresa,GDELT,Petrobras,Ministro diz que programa de passagens aéreas mais baratas começa no dia 5,Ministro diz que programa de passagens aéreas mais baratas começa no dia 5,https://surgiu.com.br/2024/01/24/ministro-diz-que-programa-de-passagens-aereas-mais-baratas-comeca-no-dia-5/,surgiu.com.br,Portuguese,c26300f9e9ef85c5d7c7d77959cf84813b505979b66f5f1bc393baded4f7ea83
2024-01-25 01:00:00,PETR4,CAT1_Empresa,GDELT,Petrobras,BNDES Azul tem o mar como centro de estratégia de desenvolvimento • PortalR3 • Criando Opiniões,BNDES Azul tem o mar como centro de estratégia de desenvolvimento • PortalR3 • Criando Opiniões,https://www.portalr3.com.br/2024/01/24/bndes-azul/,portalr3.com.br,Portuguese,1691682ffb394bda7c4c982aa2604abc32e0d2e15853a5141ebeabd1ba5be8b1
2024-01-25 00:45:00,PETR4,CAT1_Empresa,GDELT,Petrobras,"Ibovespa fecha em queda , aos 127 mil pontos ; Petrobras ( PETR4 ) recua , IRB ( IRBR3 ) lidera perdas e Usiminas ( USIM5 ) tem a maior alta","Ibovespa fecha em queda , aos 127 mil pontos ; Petrobras ( PETR4 ) recua , IRB ( IRBR3 ) lidera perdas e Usiminas ( USIM5 ) tem a maior alta","https://www.terra.com.br/economia/ibovespa-fecha-em-queda-aos-127-mil-pontos-petrobras-petr4-recua-irb-irbr3-lidera-perdas-e-usiminas-usim5-tem-a-maior-alta,9b04d8b1da90fdcf0e7f1fd9439c9879eyp6gby2.html",terra.com.br,Portuguese,df749700479fdd5b8be4a7c23397de0a72c4ca2dd686c099f65de2dc630398ce
2024-01-25 00:45:00,PETR4,CAT1_Empresa,GDELT,Petrobras,BNDES Azul tem o mar como centro de estratégia de desenvolvimento,BNDES Azul tem o mar como centro de estratégia de desenvolvimento,https://agenciabrasil.ebc.com.br/economia/noticia/2024-01/bndes-azul-tem-o-mar-como-centro-de-estrategia-de-desenvolvimento,agenciabrasil.ebc.com.br,Portuguese,7bc4f145fb8580b2aa72d8c07b2e8c8e79a261b0e71b9ba0a415b781d00680ae
2024-01-25 00:45:00,PETR4,CAT1_Empresa,GDELT,Petrobras,"Com foco em Vale e Petrobras , Ibovespa cai 0 , 35 %, aos 127 , 8 mil pontos","Com foco em Vale e Petrobras , Ibovespa cai 0 , 35 %, aos 127 , 8 mil pontos",https://www.jornaldocomercio.com/economia/2024/01/1140426-com-foco-em-vale-e-petrobras-ibovespa-cai-035-aos-1278-mil-pontos.html,jornaldocomercio.com,Portuguese,8533ffca2622b6e812f3e7d88484dc8dcf3b81206b61fa93e4579df2236c2e21
2024-01-25 00:45:00,PETR4,CAT1_Empresa,GDELT,Petrobras,Ibovespa fecha em queda pressionado por Treasuries e Petrobras,Ibovespa fecha em queda pressionado por Treasuries e Petrobras,"https://www.terra.com.br/economia/ibovespa-fecha-em-queda-pressionado-por-treasuries-e-petrobras,a3a003b55de4dd7ec9b58e176ed817cbrtjc4gt6.html",terra.com.br,Portuguese,d104ad49ce087aa6005f47cdaed3a1c808cdac7b8c777364ea5863bcc8051566
2024-01-25 00:45:00,PETR4,CAT1_Empresa,GDELT,Petrobras,"Ibovespa fecha em queda , aos 127 , 8 mil pontos","Ibovespa fecha em queda , aos 127 , 8 mil pontos",https://www.jornaldocomercio.com/economia/2024/01/1140419-ibovespa-fecha-em-queda-aos-1278-mil-pontos.html,jornaldocomercio.com,Portuguese,c3126155f4237013604a39e158ede339a54565fc041aa5198462f61fff04abd2
2024-01-25 00:45:00,PETR4,CAT1_Empresa,GDELT,Petrobras,Petrobras manifesta ao governo interesse por bloco Jaspe no pré - sal,Petrobras manifesta ao governo interesse por bloco Jaspe no pré - sal,"https://www.terra.com.br/economia/petrobras-manifesta-ao-governo-interesse-por-bloco-jaspe-no-pre-sal,91feaca2b583881df30698c93fcf8a6b5hs7u49s.html",terra.com.br,Portuguese,8f8ef6b67949610b727b221120a36a36efcfb5706e6f6ffb50063763c53984ef
2024-01-25 00:30:00,PETR4,CAT1_Empresa,GDELT,Petrobras,Governo prepara fundo de R$ 6 bi para aéreas e quer baratear querosene,Governo prepara fundo de R$ 6 bi para aéreas e quer baratear querosene,https://economia.uol.com.br/noticias/reuters/2024/01/24/governo-prepara-fundo-de-ate-r-6-bi-para-aereas-e-quer-baratear-querosene.htm,economia.uol.com.br,Portuguese,ba6b6b47a2f26a720067ab07fefc5267b61de72a4fb585a72104daae8a6b9c74
2024-01-25 00:30:00,PETR4,CAT1_Empresa,GDELT,Petrobras,"Governo estuda fundo de até R$ 6 bi para socorrer aéreas , diz ministro","Governo estuda fundo de até R$ 6 bi para socorrer aéreas , diz ministro",https://veja.abril.com.br/economia/governo-estuda-fundo-de-ate-r-6-bi-para-socorrer-aereas-diz-ministro/,veja.abril.com.br,Portuguese,496dec4cfd022defee760881a4dcf481d2e29360d2c24dee79e8780b402b1d3c
2024-01-25 00:15:00,PETR4,CAT1_Empresa,GDELT,Petrobras,Governo estuda fundo de até R$ 6 bilhões para financiar aéreas | Economia,Governo estuda fundo de até R$ 6 bilhões para financiar aéreas | Economia,https://odia.ig.com.br/economia/2024/01/6781083-governo-estuda-fundo-de-ate-rs-6-bilhoes-para-financiar-aereas.html,odia.ig.com.br,Portuguese,0e585e38fdcdb530f8bb0aca708a73a685028fc02fc6bddf93d01b2e898d2041
2024-01-25 00:00:00,PETR4,CAT1_Empresa,GDELT,Petrobras,Ministro de Portos e Aeroportos anuncia medidas para socorrer companhias aéreas após pandemia,Ministro de Portos e Aeroportos anuncia medidas para socorrer companhias aéreas após pandemia,https://cbn.globo.com/politica/noticia/2024/01/24/ministro-de-portos-e-aeroportos-anuncia-medidas-para-socorrer-companhias-aereas-apos-pandemia.ghtml,cbn.globo.com,Portuguese,95b868e954132464a964f04941eb988c48c39daa1690ade3166351194c59d70d
2024-01-25 00:00:00,PETR4,CAT1_Empresa,GDELT,Petrobras,Programa de passagens aéreas mais baratas começa no dia 5 | Política,Programa de passagens aéreas mais baratas começa no dia 5 | Política,https://www.meionorte.com/politica/programa-de-passagens-aereas-mais-baratas-comeca-no-dia-5-diz-ministro-489370,meionorte.com,Portuguese,105a7f363e606ecd432a848e2fa2619451f37b6f02fdc132482c4823481cdcfe
2024-01-24 23:45:00,PETR4,CAT1_Empresa,GDELT,Petrobras,"Com foco em Vale e Petrobras , Ibovespa cai 0 , 35 %, aos 127 , 8 mil pontos - 24 / 01 / 2024","Com foco em Vale e Petrobras , Ibovespa cai 0 , 35 %, aos 127 , 8 mil pontos - 24 / 01 / 2024",https://www.dgabc.com.br/Noticia/4097637/com-foco-em-vale-e-petrobras-ibovespa-cai-0-35-aos-127-8-mil-pontos,dgabc.com.br,Portuguese,419fb0a4c326a0da8751d5f26facc96e23604c3a51d3d17f8ed56a1c5c3efd50
2024-01-24 23:30:00,PETR4,CAT1_Empresa,GDELT,Petrobras,Bolsa fecha em queda pressionado por Treasuries e Petrobras,Bolsa fecha em queda pressionado por Treasuries e Petrobras,https://diariodocomercio.com.br/economia/bolsa-queda-treasuries-petrobras/,diariodocomercio.com.br,Portuguese,7a1e93d330b8c1f650b4149767a187169468fa1e4023522017ccfd145fb02e7e
2024-01-24 23:30:00,PETR4,CAT1_Empresa,GDELT,Petrobras,Governo terá fundo de até R$ 6 bi e promete reduzir preço do combustível para ajudar companhias aéreas,Governo terá fundo de até R$ 6 bi e promete reduzir preço do combustível para ajudar companhias aéreas,https://oglobo.globo.com/economia/noticia/2024/01/24/governo-tera-fundo-de-ate-r-6-bi-e-promete-reduzir-preco-do-combustivel-para-ajudar-companhias-aereas.ghtml,oglobo.globo.com,Portuguese,0a22fd6b4ecc81dfb3b5a819e2467fe5a3469f336cc9f8c7285c5d4f324fc08c
2024-01-24 22:00:00,PETR4,CAT1_Empresa,GDELT,Petrobras,"Ibovespa cai 0 , 35 %, abaixo dos 128 mil pontos , pressionado por Treasuries e Petrobras","Ibovespa cai 0 , 35 %, abaixo dos 128 mil pontos , pressionado por Treasuries e Petrobras",https://www.infomoney.com.br/mercados/ibovespa-cai-035-abaixo-dos-128-mil-pontos-pressionado-por-treasuries-e-petrobras/,infomoney.com.br,Portuguese,872328b9e48e020d778c702a8d2034b9d8ca9f3f078e6fb5557bbba5d668e65e
